Year,Region,Poverty Gap,Poverty Line
1996,Albania,0.1,$2.15
2002,Albania,0.19,$2.15
2005,Albania,0.09,$2.15
2008,Albania,0.04,$2.15
2012,Albania,0.13,$2.15
2014,Albania,0.14,$2.15
2015,Albania,0.01,$2.15
2016,Albania,0.01,$2.15
2016,Albania,2.21,$2.15
2017,Albania,0.04,$2.15
2017,Albania,1.8,$2.15
2018,Albania,0.01,$2.15
2018,Albania,1.13,$2.15
2019,Albania,0,$2.15
2020,Albania,0,$2.15
1988,Algeria,0.89,$2.15
1995,Algeria,1.14,$2.15
2011,Algeria,0.15,$2.15
2000,Angola,9.14,$2.15
2008,Angola,4.06,$2.15
2018,Angola,11.93,$2.15
1980,Argentina,0.18,$2.15
1986,Argentina,1.11,$2.15
1987,Argentina,0.89,$2.15
1991,Argentina,0.64,$2.15
1992,Argentina,1.11,$2.15
1993,Argentina,1.16,$2.15
1994,Argentina,1.39,$2.15
1995,Argentina,2.2,$2.15
1996,Argentina,2.74,$2.15
1997,Argentina,2.2,$2.15
1998,Argentina,2.08,$2.15
1999,Argentina,2.37,$2.15
2000,Argentina,2.71,$2.15
2001,Argentina,4.53,$2.15
2002,Argentina,4.87,$2.15
2003,Argentina,1.94,$2.15
2004,Argentina,1.26,$2.15
2005,Argentina,0.9,$2.15
2006,Argentina,0.8,$2.15
2007,Argentina,0.66,$2.15
2008,Argentina,0.61,$2.15
2009,Argentina,0.53,$2.15
2010,Argentina,0.3,$2.15
2011,Argentina,0.29,$2.15
2012,Argentina,0.3,$2.15
2013,Argentina,0.28,$2.15
2014,Argentina,0.27,$2.15
2016,Argentina,0.27,$2.15
2017,Argentina,0.21,$2.15
2018,Argentina,0.3,$2.15
2019,Argentina,0.32,$2.15
2020,Argentina,0.33,$2.15
2021,Argentina,0.39,$2.15
1996,Armenia,3.49,$2.15
1999,Armenia,2.83,$2.15
2001,Armenia,3.01,$2.15
2002,Armenia,2.11,$2.15
2003,Armenia,1.15,$2.15
2004,Armenia,1.23,$2.15
2005,Armenia,0.6,$2.15
2006,Armenia,0.32,$2.15
2007,Armenia,0.28,$2.15
2008,Armenia,0.19,$2.15
2009,Armenia,0.2,$2.15
2010,Armenia,0.15,$2.15
2011,Armenia,0.19,$2.15
2012,Armenia,0.16,$2.15
2013,Armenia,0.34,$2.15
2014,Armenia,0.22,$2.15
2015,Armenia,0.21,$2.15
2016,Armenia,0.15,$2.15
2017,Armenia,0.13,$2.15
2018,Armenia,0.22,$2.15
2019,Armenia,0.12,$2.15
2020,Armenia,0.06,$2.15
2021,Armenia,0.08,$2.15
1981,Australia,0.49,$2.15
1985,Australia,0.58,$2.15
1989,Australia,0.45,$2.15
1995,Australia,0.62,$2.15
2001,Australia,0.62,$2.15
2003,Australia,0.76,$2.15
2004,Australia,0.45,$2.15
2008,Australia,0.31,$2.15
2010,Australia,0.3,$2.15
2014,Australia,0.37,$2.15
2016,Australia,0.31,$2.15
2018,Australia,0.4,$2.15
1994,Austria,0.05,$2.15
1995,Austria,0,$2.15
1996,Austria,0,$2.15
1997,Austria,0.01,$2.15
1998,Austria,0.05,$2.15
1999,Austria,0.06,$2.15
2000,Austria,0,$2.15
2003,Austria,0.26,$2.15
2004,Austria,0.07,$2.15
2005,Austria,0.1,$2.15
2006,Austria,0.05,$2.15
2007,Austria,0.28,$2.15
2008,Austria,0.24,$2.15
2009,Austria,0.47,$2.15
2010,Austria,0.35,$2.15
2011,Austria,0.31,$2.15
2012,Austria,0.45,$2.15
2013,Austria,0.23,$2.15
2014,Austria,0.15,$2.15
2015,Austria,0.57,$2.15
2016,Austria,0.56,$2.15
2017,Austria,0.24,$2.15
2018,Austria,0.47,$2.15
2019,Austria,0.47,$2.15
2020,Austria,0.58,$2.15
1995,Azerbaijan,3.46,$2.15
2001,Azerbaijan,1.14,$2.15
2002,Azerbaijan,0.01,$2.15
2003,Azerbaijan,0,$2.15
2004,Azerbaijan,0,$2.15
2005,Azerbaijan,0,$2.15
1983,Bangladesh,9.33,$2.15
1985,Bangladesh,6.81,$2.15
1988,Bangladesh,10.44,$2.15
1991,Bangladesh,10.53,$2.15
1995,Bangladesh,7.52,$2.15
2000,Bangladesh,7.32,$2.15
2005,Bangladesh,4.57,$2.15
2010,Bangladesh,3.21,$2.15
2016,Bangladesh,2.42,$2.15
1993,Belarus,0.06,$2.15
1995,Belarus,0.48,$2.15
1998,Belarus,5.59,$2.15
1999,Belarus,5.18,$2.15
2000,Belarus,3.52,$2.15
2001,Belarus,1.53,$2.15
2002,Belarus,1.03,$2.15
2003,Belarus,0.79,$2.15
2004,Belarus,0.23,$2.15
2005,Belarus,0.17,$2.15
2006,Belarus,0.09,$2.15
2007,Belarus,0.03,$2.15
2008,Belarus,0.01,$2.15
2009,Belarus,0.02,$2.15
2010,Belarus,0,$2.15
2011,Belarus,0,$2.15
2012,Belarus,0,$2.15
2013,Belarus,0,$2.15
2014,Belarus,0,$2.15
2015,Belarus,0,$2.15
2016,Belarus,0,$2.15
2017,Belarus,0,$2.15
2018,Belarus,0,$2.15
2019,Belarus,0,$2.15
2020,Belarus,0,$2.15
1985,Belgium,0.19,$2.15
1988,Belgium,0.46,$2.15
1992,Belgium,0.78,$2.15
1995,Belgium,0.38,$2.15
1997,Belgium,0.28,$2.15
2000,Belgium,0.3,$2.15
2003,Belgium,0.15,$2.15
2004,Belgium,0.02,$2.15
2005,Belgium,0.14,$2.15
2006,Belgium,0.13,$2.15
2007,Belgium,0.09,$2.15
2008,Belgium,0.08,$2.15
2009,Belgium,0.06,$2.15
2010,Belgium,0.1,$2.15
2011,Belgium,0.09,$2.15
2012,Belgium,0.14,$2.15
2013,Belgium,0.13,$2.15
2014,Belgium,0.06,$2.15
2015,Belgium,0.06,$2.15
2016,Belgium,0.06,$2.15
2017,Belgium,0.12,$2.15
2018,Belgium,0.06,$2.15
2019,Belgium,0.06,$2.15
2020,Belgium,0.03,$2.15
1993,Belize,6.2,$2.15
1994,Belize,5.8,$2.15
1995,Belize,6.31,$2.15
1996,Belize,7.27,$2.15
1997,Belize,9.55,$2.15
1998,Belize,8.07,$2.15
1999,Belize,8.41,$2.15
2003,Benin,18.23,$2.15
2011,Benin,19.78,$2.15
2015,Benin,22.98,$2.15
2018,Benin,4.8,$2.15
2003,Bhutan,2.25,$2.15
2007,Bhutan,1.12,$2.15
2012,Bhutan,0.28,$2.15
2017,Bhutan,0.16,$2.15
2001,Bosnia and Herzegovina,0.13,$2.15
2004,Bosnia and Herzegovina,0.06,$2.15
2007,Bosnia and Herzegovina,0.02,$2.15
2011,Bosnia and Herzegovina,0.02,$2.15
1985,Botswana,17.41,$2.15
1993,Botswana,13.09,$2.15
2002,Botswana,11.06,$2.15
2009,Botswana,5.55,$2.15
2015,Botswana,4.12,$2.15
1981,Brazil,9.72,$2.15
1982,Brazil,9.86,$2.15
1983,Brazil,12.69,$2.15
1984,Brazil,12.09,$2.15
1985,Brazil,10.31,$2.15
1986,Brazil,4.64,$2.15
1987,Brazil,8.18,$2.15
1988,Brazil,9.6,$2.15
1989,Brazil,8.67,$2.15
1990,Brazil,9.88,$2.15
1992,Brazil,10.17,$2.15
1993,Brazil,9.57,$2.15
1995,Brazil,6.02,$2.15
1996,Brazil,6.85,$2.15
1997,Brazil,6.7,$2.15
1998,Brazil,5.88,$2.15
1999,Brazil,6.1,$2.15
2001,Brazil,5.21,$2.15
2002,Brazil,4.45,$2.15
2003,Brazil,4.89,$2.15
2004,Brazil,4.16,$2.15
2005,Brazil,3.65,$2.15
2006,Brazil,3.09,$2.15
2007,Brazil,3.15,$2.15
2008,Brazil,2.48,$2.15
2009,Brazil,2.4,$2.15
2011,Brazil,2.2,$2.15
2012,Brazil,1.69,$2.15
2013,Brazil,1.29,$2.15
2014,Brazil,1.12,$2.15
2015,Brazil,1.34,$2.15
2016,Brazil,1.75,$2.15
2017,Brazil,2,$2.15
2018,Brazil,2.01,$2.15
2019,Brazil,2.11,$2.15
2020,Brazil,0.67,$2.15
2021,Brazil,2.09,$2.15
1989,Bulgaria,0.05,$2.15
1992,Bulgaria,0,$2.15
1994,Bulgaria,0.23,$2.15
1995,Bulgaria,0.3,$2.15
1997,Bulgaria,0.15,$2.15
2001,Bulgaria,0.51,$2.15
2003,Bulgaria,0.18,$2.15
2006,Bulgaria,2.73,$2.15
2007,Bulgaria,0.13,$2.15
2007,Bulgaria,0.67,$2.15
2008,Bulgaria,0.41,$2.15
2009,Bulgaria,0.33,$2.15
2010,Bulgaria,0.68,$2.15
2011,Bulgaria,1,$2.15
2012,Bulgaria,0.84,$2.15
2013,Bulgaria,0.76,$2.15
2014,Bulgaria,0.54,$2.15
2015,Bulgaria,1.45,$2.15
2016,Bulgaria,0.76,$2.15
2017,Bulgaria,0.46,$2.15
2018,Bulgaria,0.25,$2.15
2019,Bulgaria,0.35,$2.15
2020,Bulgaria,0.09,$2.15
1994,Burkina Faso,46.7,$2.15
1998,Burkina Faso,41.07,$2.15
2003,Burkina Faso,22.07,$2.15
2009,Burkina Faso,18.2,$2.15
2014,Burkina Faso,9.51,$2.15
2018,Burkina Faso,8.36,$2.15
1992,Burundi,31.28,$2.15
1998,Burundi,39.95,$2.15
2006,Burundi,27.35,$2.15
2013,Burundi,25.25,$2.15
2001,Cabo Verde,5.73,$2.15
2007,Cabo Verde,2.5,$2.15
2015,Cabo Verde,0.97,$2.15
1996,Cameroon,16.77,$2.15
2001,Cameroon,6.87,$2.15
2007,Cameroon,9.28,$2.15
2014,Cameroon,8.32,$2.15
1971,Canada,1.63,$2.15
1975,Canada,0.73,$2.15
1981,Canada,0.36,$2.15
1987,Canada,0.07,$2.15
1991,Canada,0.12,$2.15
1994,Canada,0.16,$2.15
1996,Canada,0.16,$2.15
1997,Canada,0.17,$2.15
1998,Canada,0.22,$2.15
1999,Canada,0.19,$2.15
2000,Canada,0.15,$2.15
2001,Canada,0.14,$2.15
2002,Canada,0.13,$2.15
2003,Canada,0.13,$2.15
2004,Canada,0.15,$2.15
2005,Canada,0.15,$2.15
2006,Canada,0.15,$2.15
2007,Canada,0.09,$2.15
2008,Canada,0.11,$2.15
2009,Canada,0.15,$2.15
2010,Canada,0.11,$2.15
2011,Canada,0.08,$2.15
2012,Canada,0.09,$2.15
2013,Canada,0.15,$2.15
2014,Canada,0.1,$2.15
2015,Canada,0.12,$2.15
2016,Canada,0.12,$2.15
2017,Canada,0.09,$2.15
2018,Canada,0.06,$2.15
1992,Central African Republic,56.21,$2.15
2008,Central African Republic,29.74,$2.15
2003,Chad,23.16,$2.15
2011,Chad,14.32,$2.15
2018,Chad,8.42,$2.15
1987,Chile,5.2,$2.15
1990,Chile,3.57,$2.15
1992,Chile,2.02,$2.15
1994,Chile,2.36,$2.15
1996,Chile,1.59,$2.15
1998,Chile,1.67,$2.15
2000,Chile,2.21,$2.15
2003,Chile,2.11,$2.15
2006,Chile,0.66,$2.15
2009,Chile,0.64,$2.15
2011,Chile,0.31,$2.15
2013,Chile,0.2,$2.15
2015,Chile,0.18,$2.15
2017,Chile,0.18,$2.15
2020,Chile,0.45,$2.15
1981,China,54.25,$2.15
1981,China,18.89,$2.15
1981,China,47.14,$2.15
1984,China,39.66,$2.15
1984,China,12,$2.15
1984,China,33.52,$2.15
1987,China,31.42,$2.15
1987,China,6.99,$2.15
1987,China,25.5,$2.15
1990,China,34.88,$2.15
1990,China,10.17,$2.15
1990,China,28.35,$2.15
1993,China,31.34,$2.15
1993,China,6.35,$2.15
1993,China,24.07,$2.15
1996,China,21.49,$2.15
1996,China,3.98,$2.15
1996,China,15.9,$2.15
1999,China,22.67,$2.15
1999,China,3.26,$2.15
1999,China,15.9,$2.15
2002,China,19.14,$2.15
2002,China,1.51,$2.15
2002,China,12.36,$2.15
2005,China,10.2,$2.15
2005,China,0.89,$2.15
2005,China,6.24,$2.15
2008,China,9.13,$2.15
2008,China,0.49,$2.15
2008,China,5.11,$2.15
2010,China,6.81,$2.15
2010,China,0.28,$2.15
2010,China,3.59,$2.15
2011,China,4.76,$2.15
2011,China,0.2,$2.15
2011,China,2.46,$2.15
2012,China,3.88,$2.15
2012,China,0.17,$2.15
2012,China,1.95,$2.15
2013,China,0.94,$2.15
2013,China,0.19,$2.15
2013,China,0.54,$2.15
2014,China,0.7,$2.15
2014,China,0.19,$2.15
2014,China,0.42,$2.15
2015,China,0.36,$2.15
2015,China,0.12,$2.15
2015,China,0.23,$2.15
2016,China,0.3,$2.15
2016,China,0.06,$2.15
2016,China,0.17,$2.15
2017,China,0.26,$2.15
2017,China,0.05,$2.15
2017,China,0.14,$2.15
2018,China,0.19,$2.15
2018,China,0.02,$2.15
2018,China,0.09,$2.15
2019,China,0.05,$2.15
2019,China,0.01,$2.15
2019,China,0.03,$2.15
1980,Colombia,8.76,$2.15
1988,Colombia,5.65,$2.15
1989,Colombia,4.66,$2.15
1991,Colombia,4.67,$2.15
1992,Colombia,4.91,$2.15
1996,Colombia,9.54,$2.15
1999,Colombia,11.52,$2.15
2000,Colombia,11.3,$2.15
2001,Colombia,10.82,$2.15
2002,Colombia,5.12,$2.15
2003,Colombia,4.91,$2.15
2004,Colombia,3.96,$2.15
2005,Colombia,3.67,$2.15
2008,Colombia,4.4,$2.15
2009,Colombia,3.64,$2.15
2010,Colombia,3.03,$2.15
2011,Colombia,2.48,$2.15
2012,Colombia,2.49,$2.15
2013,Colombia,2.32,$2.15
2014,Colombia,2.08,$2.15
2015,Colombia,1.85,$2.15
2016,Colombia,1.88,$2.15
2017,Colombia,1.69,$2.15
2018,Colombia,1.79,$2.15
2019,Colombia,2.05,$2.15
2020,Colombia,4.53,$2.15
2021,Colombia,2.82,$2.15
2004,Comoros,4.22,$2.15
2014,Comoros,6.66,$2.15
2004,"Congo, Dem. Rep.",58.49,$2.15
2012,"Congo, Dem. Rep.",32.57,$2.15
2005,"Congo, Rep.",19.59,$2.15
2011,"Congo, Rep.",13.77,$2.15
1981,Costa Rica,11.34,$2.15
1986,Costa Rica,6.04,$2.15
1989,Costa Rica,5.88,$2.15
1990,Costa Rica,5.49,$2.15
1991,Costa Rica,5.95,$2.15
1992,Costa Rica,5.02,$2.15
1993,Costa Rica,4.71,$2.15
1994,Costa Rica,3.67,$2.15
1995,Costa Rica,3.87,$2.15
1996,Costa Rica,4.38,$2.15
1997,Costa Rica,3.21,$2.15
1998,Costa Rica,2.49,$2.15
1999,Costa Rica,3.14,$2.15
2000,Costa Rica,3.34,$2.15
2001,Costa Rica,2.3,$2.15
2002,Costa Rica,2.2,$2.15
2003,Costa Rica,2.06,$2.15
2004,Costa Rica,1.85,$2.15
2005,Costa Rica,1.19,$2.15
2006,Costa Rica,1.3,$2.15
2007,Costa Rica,0.73,$2.15
2008,Costa Rica,0.97,$2.15
2009,Costa Rica,1.14,$2.15
2010,Costa Rica,0.67,$2.15
2011,Costa Rica,0.66,$2.15
2012,Costa Rica,0.62,$2.15
2013,Costa Rica,0.58,$2.15
2014,Costa Rica,0.62,$2.15
2015,Costa Rica,0.63,$2.15
2016,Costa Rica,0.51,$2.15
2017,Costa Rica,0.39,$2.15
2018,Costa Rica,0.58,$2.15
2019,Costa Rica,0.42,$2.15
2020,Costa Rica,0.93,$2.15
2021,Costa Rica,0.42,$2.15
1988,Croatia,0.04,$2.15
1998,Croatia,0,$2.15
1999,Croatia,0.22,$2.15
2000,Croatia,0.06,$2.15
2001,Croatia,0.05,$2.15
2004,Croatia,0,$2.15
2008,Croatia,0,$2.15
2009,Croatia,0,$2.15
2009,Croatia,0.64,$2.15
2010,Croatia,0,$2.15
2010,Croatia,0.88,$2.15
2011,Croatia,0.35,$2.15
2012,Croatia,0.48,$2.15
2013,Croatia,0.44,$2.15
2014,Croatia,0.55,$2.15
2015,Croatia,0.35,$2.15
2016,Croatia,0.32,$2.15
2017,Croatia,0.32,$2.15
2018,Croatia,0.24,$2.15
2019,Croatia,0.16,$2.15
2020,Croatia,0.2,$2.15
2004,Cyprus,0.07,$2.15
2005,Cyprus,0.01,$2.15
2006,Cyprus,0,$2.15
2007,Cyprus,0.01,$2.15
2008,Cyprus,0.01,$2.15
2009,Cyprus,0.09,$2.15
2010,Cyprus,0.02,$2.15
2011,Cyprus,0.01,$2.15
2012,Cyprus,0,$2.15
2013,Cyprus,0.03,$2.15
2014,Cyprus,0.06,$2.15
2015,Cyprus,0,$2.15
2016,Cyprus,0.02,$2.15
2017,Cyprus,0.01,$2.15
2018,Cyprus,0.02,$2.15
2019,Cyprus,0.15,$2.15
2020,Cyprus,0.01,$2.15
1987,Denmark,0.49,$2.15
1992,Denmark,0.49,$2.15
1995,Denmark,0,$2.15
2000,Denmark,0,$2.15
2003,Denmark,0.23,$2.15
2004,Denmark,0.22,$2.15
2005,Denmark,0.15,$2.15
2006,Denmark,0.04,$2.15
2007,Denmark,0,$2.15
2008,Denmark,0.07,$2.15
2009,Denmark,0.13,$2.15
2010,Denmark,0,$2.15
2011,Denmark,0,$2.15
2012,Denmark,0,$2.15
2013,Denmark,0.27,$2.15
2014,Denmark,0.08,$2.15
2015,Denmark,0.14,$2.15
2016,Denmark,0.2,$2.15
2017,Denmark,0.09,$2.15
2018,Denmark,0.14,$2.15
2019,Denmark,0.21,$2.15
2020,Denmark,0.12,$2.15
1986,Dominican Republic,2.27,$2.15
1989,Dominican Republic,4.95,$2.15
1992,Dominican Republic,2.14,$2.15
1996,Dominican Republic,2.37,$2.15
1997,Dominican Republic,2.56,$2.15
2000,Dominican Republic,2.4,$2.15
2001,Dominican Republic,1.55,$2.15
2002,Dominican Republic,2.55,$2.15
2003,Dominican Republic,2.94,$2.15
2004,Dominican Republic,3.64,$2.15
2005,Dominican Republic,2.28,$2.15
2006,Dominican Republic,1.74,$2.15
2007,Dominican Republic,1.74,$2.15
2008,Dominican Republic,1.45,$2.15
2009,Dominican Republic,1.22,$2.15
2010,Dominican Republic,0.93,$2.15
2011,Dominican Republic,1.04,$2.15
2012,Dominican Republic,0.98,$2.15
2013,Dominican Republic,0.75,$2.15
2014,Dominican Republic,0.78,$2.15
2015,Dominican Republic,0.64,$2.15
2016,Dominican Republic,0.61,$2.15
2017,Dominican Republic,0.35,$2.15
2018,Dominican Republic,0.2,$2.15
2019,Dominican Republic,0.23,$2.15
2020,Dominican Republic,0.36,$2.15
2021,Dominican Republic,0.21,$2.15
1987,Ecuador,7.32,$2.15
1994,Ecuador,7.71,$2.15
1995,Ecuador,6.65,$2.15
1998,Ecuador,6.11,$2.15
1999,Ecuador,9.78,$2.15
2000,Ecuador,11.66,$2.15
2003,Ecuador,5.81,$2.15
2004,Ecuador,6.23,$2.15
2005,Ecuador,4.51,$2.15
2006,Ecuador,2.85,$2.15
2007,Ecuador,3.19,$2.15
2008,Ecuador,2.9,$2.15
2009,Ecuador,2.58,$2.15
2010,Ecuador,1.93,$2.15
2011,Ecuador,1.75,$2.15
2012,Ecuador,1.53,$2.15
2013,Ecuador,1.03,$2.15
2014,Ecuador,0.82,$2.15
2015,Ecuador,1.23,$2.15
2016,Ecuador,1.25,$2.15
2017,Ecuador,1.06,$2.15
2018,Ecuador,1.01,$2.15
2019,Ecuador,1.09,$2.15
2020,Ecuador,2.07,$2.15
2021,Ecuador,0.99,$2.15
1990,"Egypt, Arab Rep.",0.73,$2.15
1995,"Egypt, Arab Rep.",0.41,$2.15
1999,"Egypt, Arab Rep.",0.25,$2.15
2004,"Egypt, Arab Rep.",0.44,$2.15
2008,"Egypt, Arab Rep.",0.42,$2.15
2010,"Egypt, Arab Rep.",0.14,$2.15
2012,"Egypt, Arab Rep.",0.11,$2.15
2015,"Egypt, Arab Rep.",0.1,$2.15
2017,"Egypt, Arab Rep.",0.4,$2.15
2019,"Egypt, Arab Rep.",0.26,$2.15
1989,El Salvador,11.21,$2.15
1991,El Salvador,10.85,$2.15
1995,El Salvador,5.72,$2.15
1996,El Salvador,6.26,$2.15
1998,El Salvador,11.6,$2.15
1999,El Salvador,9.26,$2.15
2000,El Salvador,5.43,$2.15
2001,El Salvador,6.35,$2.15
2002,El Salvador,6.55,$2.15
2003,El Salvador,8.02,$2.15
2004,El Salvador,5.15,$2.15
2005,El Salvador,4.34,$2.15
2006,El Salvador,2.22,$2.15
2007,El Salvador,1.28,$2.15
2008,El Salvador,2.04,$2.15
2009,El Salvador,1.99,$2.15
2010,El Salvador,1.62,$2.15
2011,El Salvador,1.25,$2.15
2012,El Salvador,1.12,$2.15
2013,El Salvador,0.87,$2.15
2014,El Salvador,0.76,$2.15
2015,El Salvador,0.48,$2.15
2016,El Salvador,0.59,$2.15
2017,El Salvador,0.47,$2.15
2018,El Salvador,0.39,$2.15
2019,El Salvador,0.28,$2.15
2021,El Salvador,1.4,$2.15
1993,Estonia,0.49,$2.15
1995,Estonia,0.14,$2.15
1998,Estonia,0.03,$2.15
2000,Estonia,0.29,$2.15
2001,Estonia,0.3,$2.15
2002,Estonia,0.31,$2.15
2003,Estonia,0.22,$2.15
2003,Estonia,1.3,$2.15
2004,Estonia,0.13,$2.15
2004,Estonia,0.57,$2.15
2005,Estonia,0.33,$2.15
2006,Estonia,0.45,$2.15
2007,Estonia,0.26,$2.15
2008,Estonia,0.24,$2.15
2009,Estonia,0.26,$2.15
2010,Estonia,0.43,$2.15
2011,Estonia,0.57,$2.15
2012,Estonia,0.38,$2.15
2013,Estonia,0.63,$2.15
2014,Estonia,0.49,$2.15
2015,Estonia,0.41,$2.15
2016,Estonia,0.31,$2.15
2017,Estonia,0.18,$2.15
2018,Estonia,0.2,$2.15
2019,Estonia,0.33,$2.15
2020,Estonia,0.22,$2.15
1994,Eswatini,55.76,$2.15
2000,Eswatini,22.55,$2.15
2009,Eswatini,20.87,$2.15
2016,Eswatini,12.76,$2.15
1981,Ethiopia,25.8,$2.15
1995,Ethiopia,27.89,$2.15
1999,Ethiopia,17.47,$2.15
2004,Ethiopia,7.65,$2.15
2010,Ethiopia,8.15,$2.15
2015,Ethiopia,7.6,$2.15
1990,Europe & Central Asia,1.16,$2.15
1991,Europe & Central Asia,1.29,$2.15
1992,Europe & Central Asia,1.71,$2.15
1993,Europe & Central Asia,1.99,$2.15
1994,Europe & Central Asia,2.6,$2.15
1995,Europe & Central Asia,2.79,$2.15
1996,Europe & Central Asia,2.86,$2.15
1997,Europe & Central Asia,2.84,$2.15
1998,Europe & Central Asia,2.74,$2.15
1999,Europe & Central Asia,3.31,$2.15
2000,Europe & Central Asia,3.27,$2.15
2001,Europe & Central Asia,2.94,$2.15
2002,Europe & Central Asia,2.58,$2.15
2003,Europe & Central Asia,2.71,$2.15
2004,Europe & Central Asia,2.34,$2.15
2005,Europe & Central Asia,2.27,$2.15
2006,Europe & Central Asia,2.02,$2.15
2007,Europe & Central Asia,1.75,$2.15
2008,Europe & Central Asia,1.54,$2.15
2009,Europe & Central Asia,1.39,$2.15
2010,Europe & Central Asia,1.35,$2.15
2011,Europe & Central Asia,1.24,$2.15
2012,Europe & Central Asia,1.16,$2.15
2013,Europe & Central Asia,1,$2.15
2014,Europe & Central Asia,1.08,$2.15
2015,Europe & Central Asia,0.9,$2.15
2016,Europe & Central Asia,0.83,$2.15
2017,Europe & Central Asia,0.81,$2.15
2018,Europe & Central Asia,0.64,$2.15
2019,Europe & Central Asia,0.63,$2.15
2020,Europe & Central Asia,0.64,$2.15
2002,Fiji,0.29,$2.15
2008,Fiji,0.14,$2.15
2013,Fiji,0.06,$2.15
2019,Fiji,0.18,$2.15
1987,Finland,0,$2.15
1991,Finland,0,$2.15
1995,Finland,0,$2.15
2000,Finland,0,$2.15
2003,Finland,0.04,$2.15
2004,Finland,0.03,$2.15
2005,Finland,0.04,$2.15
2006,Finland,0.07,$2.15
2007,Finland,0.03,$2.15
2008,Finland,0.02,$2.15
2009,Finland,0.04,$2.15
2010,Finland,0.03,$2.15
2011,Finland,0.04,$2.15
2012,Finland,0.05,$2.15
2013,Finland,0.07,$2.15
2014,Finland,0.04,$2.15
2015,Finland,0.06,$2.15
2016,Finland,0.03,$2.15
2017,Finland,0.06,$2.15
2018,Finland,0.05,$2.15
2019,Finland,0.04,$2.15
2020,Finland,0.03,$2.15
1970,France,0,$2.15
1975,France,0.12,$2.15
1979,France,0.14,$2.15
1984,France,0.25,$2.15
1990,France,0.03,$2.15
1996,France,0.02,$2.15
1997,France,0.01,$2.15
1998,France,0,$2.15
1999,France,0,$2.15
2000,France,0,$2.15
2001,France,0,$2.15
2002,France,0,$2.15
2003,France,0.06,$2.15
2004,France,0.02,$2.15
2005,France,0.03,$2.15
2006,France,0.02,$2.15
2007,France,0.01,$2.15
2008,France,0.01,$2.15
2009,France,0.02,$2.15
2010,France,0.05,$2.15
2011,France,0,$2.15
2012,France,0.03,$2.15
2013,France,0.05,$2.15
2014,France,0.01,$2.15
2015,France,0.06,$2.15
2016,France,0.05,$2.15
2017,France,0.01,$2.15
2018,France,0.01,$2.15
2019,France,0.02,$2.15
2020,France,0.06,$2.15
2005,Gabon,1.24,$2.15
2017,Gabon,0.58,$2.15
1998,"Gambia, The",39.1,$2.15
2003,"Gambia, The",20.34,$2.15
2010,"Gambia, The",9.14,$2.15
2015,"Gambia, The",3.02,$2.15
2020,"Gambia, The",4.52,$2.15
1996,Georgia,1.44,$2.15
1997,Georgia,6.67,$2.15
1998,Georgia,6.26,$2.15
1999,Georgia,7.57,$2.15
2000,Georgia,8.15,$2.15
2001,Georgia,7.77,$2.15
2002,Georgia,3.77,$2.15
2003,Georgia,3.98,$2.15
2004,Georgia,3.76,$2.15
2005,Georgia,3.96,$2.15
2006,Georgia,3.85,$2.15
2007,Georgia,4.19,$2.15
2008,Georgia,3.62,$2.15
2009,Georgia,3.67,$2.15
2010,Georgia,4.43,$2.15
2011,Georgia,4.28,$2.15
2012,Georgia,3,$2.15
2013,Georgia,2.09,$2.15
2014,Georgia,1.6,$2.15
2015,Georgia,1.17,$2.15
2016,Georgia,1.22,$2.15
2017,Georgia,1.62,$2.15
2018,Georgia,1.54,$2.15
2019,Georgia,1.14,$2.15
2020,Georgia,1.45,$2.15
2021,Georgia,1.33,$2.15
1991,Germany,0,$2.15
1992,Germany,0,$2.15
1993,Germany,0,$2.15
1994,Germany,0.13,$2.15
1995,Germany,0.17,$2.15
1996,Germany,0,$2.15
1997,Germany,0,$2.15
1998,Germany,0,$2.15
1999,Germany,0,$2.15
2000,Germany,0,$2.15
2001,Germany,0,$2.15
2002,Germany,0,$2.15
2003,Germany,0,$2.15
2004,Germany,0,$2.15
2005,Germany,0,$2.15
2006,Germany,0,$2.15
2007,Germany,0,$2.15
2008,Germany,0,$2.15
2009,Germany,0,$2.15
2010,Germany,0,$2.15
2011,Germany,0,$2.15
2012,Germany,0,$2.15
2013,Germany,0,$2.15
2014,Germany,0,$2.15
2015,Germany,0,$2.15
2016,Germany,0,$2.15
2017,Germany,0.23,$2.15
2018,Germany,0,$2.15
2019,Germany,0,$2.15
1987,Ghana,22,$2.15
1988,Ghana,21.52,$2.15
1991,Ghana,26.15,$2.15
1998,Ghana,21.94,$2.15
2005,Ghana,16.11,$2.15
2012,Ghana,8.3,$2.15
2016,Ghana,9.34,$2.15
1995,Greece,1.12,$2.15
2000,Greece,0.4,$2.15
2003,Greece,0.41,$2.15
2004,Greece,0.49,$2.15
2005,Greece,0.21,$2.15
2006,Greece,0.33,$2.15
2007,Greece,0.41,$2.15
2008,Greece,0.29,$2.15
2009,Greece,0.53,$2.15
2010,Greece,0.72,$2.15
2011,Greece,0.85,$2.15
2012,Greece,0.63,$2.15
2013,Greece,0.32,$2.15
2014,Greece,0.82,$2.15
2015,Greece,0.78,$2.15
2016,Greece,0.56,$2.15
2017,Greece,0.42,$2.15
2018,Greece,0.12,$2.15
2019,Greece,0.42,$2.15
2020,Greece,0.47,$2.15
1986,Guatemala,24.18,$2.15
1989,Guatemala,18.1,$2.15
1998,Guatemala,5.31,$2.15
2000,Guatemala,3.45,$2.15
2006,Guatemala,3.94,$2.15
2014,Guatemala,2.7,$2.15
1991,Guinea,56.61,$2.15
1994,Guinea,14.61,$2.15
2002,Guinea,20.66,$2.15
2007,Guinea,16.48,$2.15
2012,Guinea,6.63,$2.15
2018,Guinea,3.09,$2.15
1991,Guinea-Bissau,22.52,$2.15
1993,Guinea-Bissau,14.63,$2.15
2002,Guinea-Bissau,18.37,$2.15
2010,Guinea-Bissau,30.26,$2.15
2018,Guinea-Bissau,4.7,$2.15
1992,Guyana,10.75,$2.15
1998,Guyana,5.87,$2.15
2001,Haiti,37.47,$2.15
2012,Haiti,10.11,$2.15
2012,Haiti,31.74,$2.15
1986,Honduras,23.17,$2.15
1989,Honduras,17.72,$2.15
1990,Honduras,19.33,$2.15
1991,Honduras,12.22,$2.15
1992,Honduras,9.72,$2.15
1993,Honduras,7.97,$2.15
1994,Honduras,9.71,$2.15
1995,Honduras,10.12,$2.15
1996,Honduras,12.34,$2.15
1997,Honduras,6.98,$2.15
1998,Honduras,12.32,$2.15
1999,Honduras,12.14,$2.15
2001,Honduras,8.16,$2.15
2002,Honduras,9.28,$2.15
2003,Honduras,11.71,$2.15
2004,Honduras,11.15,$2.15
2005,Honduras,12.23,$2.15
2006,Honduras,9.92,$2.15
2007,Honduras,5.91,$2.15
2008,Honduras,6.04,$2.15
2009,Honduras,4.24,$2.15
2010,Honduras,4.73,$2.15
2011,Honduras,5.55,$2.15
2012,Honduras,6.78,$2.15
2013,Honduras,5.22,$2.15
2014,Honduras,4.27,$2.15
2015,Honduras,4.27,$2.15
2016,Honduras,5.5,$2.15
2017,Honduras,4.97,$2.15
2018,Honduras,5.1,$2.15
2019,Honduras,4.3,$2.15
1987,Hungary,0.06,$2.15
1989,Hungary,0.02,$2.15
1991,Hungary,1,$2.15
1993,Hungary,0.16,$2.15
1994,Hungary,0.54,$2.15
1998,Hungary,0.01,$2.15
1999,Hungary,0.01,$2.15
1999,Hungary,0.14,$2.15
2000,Hungary,0,$2.15
2001,Hungary,0,$2.15
2002,Hungary,0,$2.15
2003,Hungary,0,$2.15
2004,Hungary,0,$2.15
2004,Hungary,0.07,$2.15
2005,Hungary,0,$2.15
2005,Hungary,0.37,$2.15
2006,Hungary,0,$2.15
2006,Hungary,0.09,$2.15
2007,Hungary,0,$2.15
2007,Hungary,0.04,$2.15
2008,Hungary,0.01,$2.15
2009,Hungary,0.03,$2.15
2010,Hungary,0.01,$2.15
2011,Hungary,0.04,$2.15
2012,Hungary,0.2,$2.15
2013,Hungary,0.03,$2.15
2014,Hungary,0.46,$2.15
2015,Hungary,0.33,$2.15
2016,Hungary,0.78,$2.15
2017,Hungary,0.37,$2.15
2018,Hungary,0.13,$2.15
2019,Hungary,0.13,$2.15
2020,Hungary,0.25,$2.15
2003,Iceland,0,$2.15
2004,Iceland,0.1,$2.15
2005,Iceland,0.01,$2.15
2006,Iceland,0.08,$2.15
2007,Iceland,0.03,$2.15
2008,Iceland,0.05,$2.15
2009,Iceland,0.06,$2.15
2010,Iceland,0.1,$2.15
2011,Iceland,0.1,$2.15
2012,Iceland,0.02,$2.15
2013,Iceland,0.04,$2.15
2014,Iceland,0,$2.15
2015,Iceland,0.01,$2.15
2016,Iceland,0,$2.15
2017,Iceland,0,$2.15
1977,India,24.26,$2.15
1977,India,13.26,$2.15
1977,India,21.84,$2.15
1983,India,20.23,$2.15
1983,India,10.12,$2.15
1983,India,17.82,$2.15
1987,India,16.08,$2.15
1987,India,9.71,$2.15
1987,India,14.5,$2.15
1993,India,14.61,$2.15
1993,India,7.59,$2.15
1993,India,12.77,$2.15
2004,India,11.18,$2.15
2004,India,6.42,$2.15
2004,India,9.8,$2.15
2009,India,8.72,$2.15
2009,India,4.69,$2.15
2009,India,7.49,$2.15
2011,India,5.43,$2.15
2011,India,2.9,$2.15
2011,India,4.64,$2.15
2015,India,4.42,$2.15
2015,India,2.36,$2.15
2015,India,3.75,$2.15
2016,India,4.03,$2.15
2016,India,2.86,$2.15
2016,India,3.64,$2.15
2017,India,2.63,$2.15
2017,India,2.29,$2.15
2017,India,2.51,$2.15
2018,India,2.07,$2.15
2018,India,2.33,$2.15
2018,India,2.16,$2.15
2019,India,2.12,$2.15
2019,India,1.31,$2.15
2019,India,1.84,$2.15
1984,Indonesia,35.49,$2.15
1984,Indonesia,14.75,$2.15
1984,Indonesia,30.25,$2.15
1987,Indonesia,33,$2.15
1987,Indonesia,16.99,$2.15
1987,Indonesia,28.55,$2.15
1990,Indonesia,24.7,$2.15
1990,Indonesia,10.92,$2.15
1990,Indonesia,20.48,$2.15
1993,Indonesia,25.21,$2.15
1993,Indonesia,10.46,$2.15
1993,Indonesia,20.22,$2.15
1996,Indonesia,19.54,$2.15
1996,Indonesia,7.5,$2.15
1996,Indonesia,15.06,$2.15
1998,Indonesia,30.79,$2.15
1998,Indonesia,15.25,$2.15
1998,Indonesia,24.64,$2.15
1999,Indonesia,15.07,$2.15
1999,Indonesia,7.05,$2.15
1999,Indonesia,11.8,$2.15
2000,Indonesia,13.56,$2.15
2000,Indonesia,6.65,$2.15
2000,Indonesia,10.66,$2.15
2001,Indonesia,12.32,$2.15
2001,Indonesia,5.11,$2.15
2001,Indonesia,9.24,$2.15
2002,Indonesia,7.94,$2.15
2002,Indonesia,1.98,$2.15
2002,Indonesia,5.34,$2.15
2003,Indonesia,7.82,$2.15
2003,Indonesia,2.38,$2.15
2003,Indonesia,5.41,$2.15
2004,Indonesia,9.45,$2.15
2004,Indonesia,2.55,$2.15
2004,Indonesia,6.33,$2.15
2005,Indonesia,8,$2.15
2005,Indonesia,2.15,$2.15
2005,Indonesia,5.31,$2.15
2006,Indonesia,11.04,$2.15
2006,Indonesia,3.45,$2.15
2006,Indonesia,7.49,$2.15
2007,Indonesia,8.43,$2.15
2007,Indonesia,2.68,$2.15
2007,Indonesia,5.69,$2.15
2008,Indonesia,7.76,$2.15
2008,Indonesia,2.76,$2.15
2008,Indonesia,5.34,$2.15
2009,Indonesia,6.09,$2.15
2009,Indonesia,2.43,$2.15
2009,Indonesia,4.29,$2.15
2010,Indonesia,5.07,$2.15
2010,Indonesia,1.94,$2.15
2010,Indonesia,3.51,$2.15
2011,Indonesia,4.03,$2.15
2011,Indonesia,1.71,$2.15
2011,Indonesia,2.86,$2.15
2012,Indonesia,3.24,$2.15
2012,Indonesia,1.49,$2.15
2012,Indonesia,2.34,$2.15
2013,Indonesia,2.41,$2.15
2013,Indonesia,1.16,$2.15
2013,Indonesia,1.76,$2.15
2014,Indonesia,1.93,$2.15
2014,Indonesia,1.03,$2.15
2014,Indonesia,1.45,$2.15
2015,Indonesia,1.76,$2.15
2015,Indonesia,1.09,$2.15
2015,Indonesia,1.4,$2.15
2016,Indonesia,1.64,$2.15
2016,Indonesia,0.85,$2.15
2016,Indonesia,1.21,$2.15
2017,Indonesia,1.35,$2.15
2017,Indonesia,0.78,$2.15
2017,Indonesia,1.04,$2.15
2018,Indonesia,1.1,$2.15
2018,Indonesia,0.59,$2.15
2018,Indonesia,0.82,$2.15
2019,Indonesia,0.79,$2.15
2019,Indonesia,0.4,$2.15
2019,Indonesia,0.57,$2.15
2020,Indonesia,0.64,$2.15
2020,Indonesia,0.32,$2.15
2020,Indonesia,0.46,$2.15
2021,Indonesia,0.59,$2.15
2021,Indonesia,0.36,$2.15
2021,Indonesia,0.46,$2.15
2022,Indonesia,0.4,$2.15
2022,Indonesia,0.25,$2.15
2022,Indonesia,0.31,$2.15
1986,"Iran, Islamic Rep.",2.29,$2.15
1990,"Iran, Islamic Rep.",2.21,$2.15
1994,"Iran, Islamic Rep.",0.89,$2.15
1998,"Iran, Islamic Rep.",0.82,$2.15
2005,"Iran, Islamic Rep.",0.19,$2.15
2006,"Iran, Islamic Rep.",0.16,$2.15
2009,"Iran, Islamic Rep.",0.42,$2.15
2013,"Iran, Islamic Rep.",0.05,$2.15
2014,"Iran, Islamic Rep.",0.13,$2.15
2015,"Iran, Islamic Rep.",0.11,$2.15
2016,"Iran, Islamic Rep.",0.11,$2.15
2017,"Iran, Islamic Rep.",0.1,$2.15
2018,"Iran, Islamic Rep.",0.17,$2.15
2019,"Iran, Islamic Rep.",0.19,$2.15
2006,Iraq,0,$2.15
2012,Iraq,0.01,$2.15
1987,Ireland,0.31,$2.15
1994,Ireland,0.13,$2.15
1995,Ireland,0.14,$2.15
1996,Ireland,0.09,$2.15
2000,Ireland,0.03,$2.15
2002,Ireland,0.06,$2.15
2003,Ireland,0.07,$2.15
2004,Ireland,0.03,$2.15
2005,Ireland,0.02,$2.15
2006,Ireland,0.11,$2.15
2007,Ireland,0.05,$2.15
2008,Ireland,0.12,$2.15
2009,Ireland,0.36,$2.15
2010,Ireland,0.35,$2.15
2011,Ireland,0.37,$2.15
2012,Ireland,0.14,$2.15
2013,Ireland,0.51,$2.15
2014,Ireland,0.32,$2.15
2015,Ireland,0.27,$2.15
2016,Ireland,0.09,$2.15
2017,Ireland,0.2,$2.15
2018,Ireland,0,$2.15
2019,Ireland,0.03,$2.15
2020,Ireland,0.1,$2.15
1979,Israel,0,$2.15
1986,Israel,0.12,$2.15
1992,Israel,0.04,$2.15
1997,Israel,0.21,$2.15
2001,Israel,0.05,$2.15
2002,Israel,0.3,$2.15
2003,Israel,0.19,$2.15
2004,Israel,0.28,$2.15
2005,Israel,0.35,$2.15
2006,Israel,0.11,$2.15
2007,Israel,0.19,$2.15
2008,Israel,0.18,$2.15
2009,Israel,0.21,$2.15
2010,Israel,0.14,$2.15
2011,Israel,0.16,$2.15
2012,Israel,0.31,$2.15
2013,Israel,0.23,$2.15
2014,Israel,0.18,$2.15
2015,Israel,0.19,$2.15
2016,Israel,0.06,$2.15
2017,Israel,0.19,$2.15
2018,Israel,0.17,$2.15
1986,Italy,0.07,$2.15
1987,Italy,1.02,$2.15
1989,Italy,0,$2.15
1991,Italy,0.22,$2.15
1993,Italy,0.79,$2.15
1995,Italy,0.52,$2.15
1998,Italy,1.39,$2.15
2000,Italy,1.12,$2.15
2003,Italy,0.54,$2.15
2004,Italy,0.49,$2.15
2005,Italy,0.5,$2.15
2006,Italy,0.5,$2.15
2007,Italy,0.51,$2.15
2008,Italy,0.5,$2.15
2009,Italy,0.62,$2.15
2010,Italy,0.92,$2.15
2011,Italy,0.88,$2.15
2012,Italy,0.82,$2.15
2013,Italy,1.08,$2.15
2014,Italy,0.91,$2.15
2015,Italy,1.41,$2.15
2016,Italy,1.24,$2.15
2017,Italy,1.12,$2.15
2018,Italy,1.02,$2.15
2019,Italy,0.84,$2.15
2020,Italy,0.65,$2.15
2008,Japan,0.2,$2.15
2010,Japan,0,$2.15
2013,Japan,0.2,$2.15
1986,Jordan,0,$2.15
1992,Jordan,0.13,$2.15
1997,Jordan,0.11,$2.15
2002,Jordan,0.02,$2.15
2006,Jordan,0.01,$2.15
2008,Jordan,0,$2.15
2010,Jordan,0.01,$2.15
1993,Kazakhstan,1.46,$2.15
1996,Kazakhstan,2.15,$2.15
2001,Kazakhstan,3.27,$2.15
2002,Kazakhstan,1.91,$2.15
2003,Kazakhstan,1.26,$2.15
2004,Kazakhstan,0.56,$2.15
2005,Kazakhstan,2.07,$2.15
2006,Kazakhstan,0.16,$2.15
2007,Kazakhstan,0.06,$2.15
2008,Kazakhstan,0.02,$2.15
2009,Kazakhstan,0.03,$2.15
2010,Kazakhstan,0.03,$2.15
2011,Kazakhstan,0.01,$2.15
2012,Kazakhstan,0.01,$2.15
2013,Kazakhstan,0.01,$2.15
2014,Kazakhstan,0,$2.15
2015,Kazakhstan,0,$2.15
2016,Kazakhstan,0.01,$2.15
2017,Kazakhstan,0.01,$2.15
2018,Kazakhstan,0,$2.15
1992,Kenya,9.43,$2.15
1994,Kenya,8.94,$2.15
1997,Kenya,7.18,$2.15
2005,Kenya,12.94,$2.15
2015,Kenya,8.64,$2.15
2006,"Korea, Rep.",0.17,$2.15
2008,"Korea, Rep.",0.16,$2.15
2010,"Korea, Rep.",0.23,$2.15
2012,"Korea, Rep.",0.13,$2.15
2014,"Korea, Rep.",0.14,$2.15
2016,"Korea, Rep.",0.06,$2.15
1981,Latin America & Caribbean,6.13,$2.15
1982,Latin America & Caribbean,6.39,$2.15
1983,Latin America & Caribbean,7.66,$2.15
1984,Latin America & Caribbean,7.45,$2.15
1985,Latin America & Caribbean,6.92,$2.15
1986,Latin America & Caribbean,4.99,$2.15
1987,Latin America & Caribbean,6.27,$2.15
1988,Latin America & Caribbean,7.04,$2.15
1989,Latin America & Caribbean,6.86,$2.15
1990,Latin America & Caribbean,7.21,$2.15
1991,Latin America & Caribbean,6.97,$2.15
1992,Latin America & Caribbean,6.93,$2.15
1993,Latin America & Caribbean,6.82,$2.15
1994,Latin America & Caribbean,6.26,$2.15
1995,Latin America & Caribbean,6.19,$2.15
1996,Latin America & Caribbean,7.22,$2.15
1997,Latin America & Caribbean,6.75,$2.15
1998,Latin America & Caribbean,6.35,$2.15
1999,Latin America & Caribbean,6.41,$2.15
2000,Latin America & Caribbean,5.93,$2.15
2001,Latin America & Caribbean,5.63,$2.15
2002,Latin America & Caribbean,4.97,$2.15
2003,Latin America & Caribbean,4.87,$2.15
2004,Latin America & Caribbean,4.34,$2.15
2005,Latin America & Caribbean,4.19,$2.15
2006,Latin America & Caribbean,3.38,$2.15
2007,Latin America & Caribbean,3.26,$2.15
2008,Latin America & Caribbean,2.99,$2.15
2009,Latin America & Caribbean,2.83,$2.15
2010,Latin America & Caribbean,2.61,$2.15
2011,Latin America & Caribbean,2.44,$2.15
2012,Latin America & Caribbean,1.85,$2.15
2013,Latin America & Caribbean,1.6,$2.15
2014,Latin America & Caribbean,1.48,$2.15
2015,Latin America & Caribbean,1.39,$2.15
2016,Latin America & Caribbean,1.52,$2.15
2017,Latin America & Caribbean,1.53,$2.15
2018,Latin America & Caribbean,1.49,$2.15
2019,Latin America & Caribbean,1.54,$2.15
2020,Latin America & Caribbean,1.41,$2.15
2021,Latin America & Caribbean,1.66,$2.15
1993,Latvia,0,$2.15
1995,Latvia,0,$2.15
1996,Latvia,0.23,$2.15
1997,Latvia,0.61,$2.15
1998,Latvia,0.44,$2.15
2002,Latvia,0.22,$2.15
2003,Latvia,0.12,$2.15
2004,Latvia,0.06,$2.15
2004,Latvia,1.28,$2.15
2005,Latvia,1.19,$2.15
2006,Latvia,0.84,$2.15
2007,Latvia,0,$2.15
2007,Latvia,0.35,$2.15
2008,Latvia,0,$2.15
2008,Latvia,0.56,$2.15
2009,Latvia,0.05,$2.15
2009,Latvia,0.97,$2.15
2010,Latvia,0.77,$2.15
2011,Latvia,0.47,$2.15
2012,Latvia,0.5,$2.15
2013,Latvia,0.64,$2.15
2014,Latvia,0.4,$2.15
2015,Latvia,0.37,$2.15
2016,Latvia,0.29,$2.15
2017,Latvia,0.34,$2.15
2018,Latvia,0.18,$2.15
2019,Latvia,0.18,$2.15
2020,Latvia,0.24,$2.15
2011,Lebanon,0,$2.15
1986,Lesotho,27.33,$2.15
1994,Lesotho,31.19,$2.15
2002,Lesotho,35.96,$2.15
2017,Lesotho,11.63,$2.15
1993,Lithuania,0.83,$2.15
1996,Lithuania,0,$2.15
1998,Lithuania,0.05,$2.15
1999,Lithuania,0.04,$2.15
2000,Lithuania,0.03,$2.15
2001,Lithuania,0.13,$2.15
2002,Lithuania,0.07,$2.15
2003,Lithuania,0.03,$2.15
2004,Lithuania,0.02,$2.15
2004,Lithuania,1.3,$2.15
2005,Lithuania,0.86,$2.15
2006,Lithuania,0.71,$2.15
2007,Lithuania,0.79,$2.15
2008,Lithuania,0.03,$2.15
2008,Lithuania,0.85,$2.15
2009,Lithuania,1.15,$2.15
2010,Lithuania,1.01,$2.15
2011,Lithuania,0.49,$2.15
2012,Lithuania,0.66,$2.15
2013,Lithuania,0.47,$2.15
2014,Lithuania,0.67,$2.15
2015,Lithuania,0.53,$2.15
2016,Lithuania,0.71,$2.15
2017,Lithuania,0.81,$2.15
2018,Lithuania,0.47,$2.15
2019,Lithuania,0.35,$2.15
2020,Lithuania,0.12,$2.15
1985,Luxembourg,0,$2.15
1991,Luxembourg,0,$2.15
1994,Luxembourg,0,$2.15
1997,Luxembourg,0,$2.15
2000,Luxembourg,0,$2.15
2003,Luxembourg,0.04,$2.15
2004,Luxembourg,0.01,$2.15
2005,Luxembourg,0.01,$2.15
2006,Luxembourg,0,$2.15
2007,Luxembourg,0.01,$2.15
2008,Luxembourg,0,$2.15
2009,Luxembourg,0.03,$2.15
2010,Luxembourg,0,$2.15
2011,Luxembourg,0.05,$2.15
2012,Luxembourg,0.03,$2.15
2013,Luxembourg,0.06,$2.15
2014,Luxembourg,0.11,$2.15
2015,Luxembourg,0.22,$2.15
2016,Luxembourg,0.06,$2.15
2017,Luxembourg,0.17,$2.15
2018,Luxembourg,0.12,$2.15
2019,Luxembourg,0.09,$2.15
2020,Luxembourg,0,$2.15
1980,Madagascar,19.46,$2.15
1993,Madagascar,33.09,$2.15
1997,Madagascar,30.77,$2.15
1999,Madagascar,29.66,$2.15
2001,Madagascar,36.13,$2.15
2005,Madagascar,32.86,$2.15
2010,Madagascar,40.25,$2.15
2012,Madagascar,42.59,$2.15
1997,Malawi,21.42,$2.15
2004,Malawi,27.91,$2.15
2010,Malawi,30.75,$2.15
2016,Malawi,26,$2.15
2019,Malawi,29.31,$2.15
1984,Malaysia,0.74,$2.15
1987,Malaysia,0.45,$2.15
1989,Malaysia,0.35,$2.15
1992,Malaysia,0.19,$2.15
1995,Malaysia,0.32,$2.15
1997,Malaysia,0.07,$2.15
2003,Malaysia,0.31,$2.15
2006,Malaysia,0.16,$2.15
2008,Malaysia,0.14,$2.15
2011,Malaysia,0.02,$2.15
2013,Malaysia,0.01,$2.15
2015,Malaysia,0,$2.15
2018,Malaysia,0,$2.15
2002,Maldives,1.5,$2.15
2009,Maldives,0.79,$2.15
2016,Maldives,0,$2.15
2019,Maldives,0,$2.15
1994,Mali,51.36,$2.15
2001,Mali,22.35,$2.15
2006,Mali,17.06,$2.15
2009,Mali,14.66,$2.15
2018,Mali,2.95,$2.15
2006,Malta,0.18,$2.15
2007,Malta,0.22,$2.15
2008,Malta,0.06,$2.15
2009,Malta,0.21,$2.15
2010,Malta,0.12,$2.15
2011,Malta,0.14,$2.15
2012,Malta,0.04,$2.15
2013,Malta,0.01,$2.15
2014,Malta,0,$2.15
2015,Malta,0.07,$2.15
2016,Malta,0.07,$2.15
2017,Malta,0.09,$2.15
2018,Malta,0.05,$2.15
2019,Malta,0.14,$2.15
2020,Malta,0.1,$2.15
1987,Mauritania,18.02,$2.15
1993,Mauritania,14.48,$2.15
1995,Mauritania,6.56,$2.15
2000,Mauritania,6.03,$2.15
2004,Mauritania,4.72,$2.15
2008,Mauritania,3.01,$2.15
2014,Mauritania,1.56,$2.15
2006,Mauritius,0.05,$2.15
2012,Mauritius,0.07,$2.15
2017,Mauritius,0.01,$2.15
1984,Mexico,2.21,$2.15
1989,Mexico,3.32,$2.15
1992,Mexico,2,$2.15
1994,Mexico,2.26,$2.15
1996,Mexico,7.22,$2.15
1998,Mexico,4.28,$2.15
2000,Mexico,2.84,$2.15
2002,Mexico,2.05,$2.15
2004,Mexico,1.96,$2.15
2005,Mexico,2.14,$2.15
2006,Mexico,1.22,$2.15
2008,Mexico,1.72,$2.15
2010,Mexico,1.56,$2.15
2012,Mexico,1.18,$2.15
2014,Mexico,1.1,$2.15
2016,Mexico,0.92,$2.15
2018,Mexico,0.74,$2.15
2020,Mexico,0.96,$2.15
2000,"Micronesia, Fed. Sts.",24.45,$2.15
2005,"Micronesia, Fed. Sts.",1.89,$2.15
2013,"Micronesia, Fed. Sts.",5.92,$2.15
1995,Mongolia,3.36,$2.15
1998,Mongolia,8.6,$2.15
2002,Mongolia,2.72,$2.15
2007,Mongolia,0.29,$2.15
2010,Mongolia,0.16,$2.15
2011,Mongolia,0.1,$2.15
2012,Mongolia,0.08,$2.15
2014,Mongolia,0.05,$2.15
2016,Mongolia,0.1,$2.15
2018,Mongolia,0.09,$2.15
2005,Montenegro,0.06,$2.15
2006,Montenegro,0,$2.15
2007,Montenegro,0.01,$2.15
2008,Montenegro,0.03,$2.15
2009,Montenegro,0,$2.15
2010,Montenegro,0,$2.15
2011,Montenegro,0.08,$2.15
2012,Montenegro,0.49,$2.15
2012,Montenegro,1.22,$2.15
2013,Montenegro,0.2,$2.15
2013,Montenegro,0.99,$2.15
2014,Montenegro,0,$2.15
2014,Montenegro,0.39,$2.15
2015,Montenegro,0.24,$2.15
2016,Montenegro,1.53,$2.15
2017,Montenegro,1.74,$2.15
2018,Montenegro,1.04,$2.15
1984,Morocco,3.02,$2.15
1990,Morocco,0.72,$2.15
1998,Morocco,1.87,$2.15
2000,Morocco,1.7,$2.15
2006,Morocco,0.81,$2.15
2013,Morocco,0.25,$2.15
1996,Mozambique,49.94,$2.15
2002,Mozambique,41.76,$2.15
2008,Mozambique,33.02,$2.15
2014,Mozambique,29.42,$2.15
2015,Myanmar,1.45,$2.15
2017,Myanmar,0.32,$2.15
1993,Namibia,28.34,$2.15
2003,Namibia,12.2,$2.15
2009,Namibia,8.21,$2.15
2015,Namibia,5.44,$2.15
1984,Nepal,23.89,$2.15
1995,Nepal,17.38,$2.15
2003,Nepal,11.52,$2.15
2010,Nepal,1.58,$2.15
1983,Netherlands,0.42,$2.15
1987,Netherlands,0.25,$2.15
1990,Netherlands,0.63,$2.15
1993,Netherlands,0.74,$2.15
1999,Netherlands,0.17,$2.15
2004,Netherlands,0.1,$2.15
2005,Netherlands,0.06,$2.15
2006,Netherlands,0.03,$2.15
2007,Netherlands,0.01,$2.15
2008,Netherlands,0.06,$2.15
2009,Netherlands,0.07,$2.15
2010,Netherlands,0.01,$2.15
2011,Netherlands,0.07,$2.15
2012,Netherlands,0.04,$2.15
2013,Netherlands,0.02,$2.15
2014,Netherlands,0.01,$2.15
2015,Netherlands,0.02,$2.15
2016,Netherlands,0.02,$2.15
2017,Netherlands,0.07,$2.15
2018,Netherlands,0.06,$2.15
2019,Netherlands,0.04,$2.15
2020,Netherlands,0.01,$2.15
1993,Nicaragua,7.21,$2.15
1993,Nicaragua,19.04,$2.15
1998,Nicaragua,4.91,$2.15
1998,Nicaragua,11.15,$2.15
2001,Nicaragua,5.34,$2.15
2001,Nicaragua,6.06,$2.15
2005,Nicaragua,4.16,$2.15
2005,Nicaragua,2.47,$2.15
2009,Nicaragua,2.19,$2.15
2014,Nicaragua,0.86,$2.15
1992,Niger,40.26,$2.15
1994,Niger,48.28,$2.15
2005,Niger,40.91,$2.15
2007,Niger,34.72,$2.15
2011,Niger,19.21,$2.15
2014,Niger,18.12,$2.15
2018,Niger,15.57,$2.15
1985,Nigeria,18.39,$2.15
1992,Nigeria,24.41,$2.15
1996,Nigeria,27.87,$2.15
2003,Nigeria,18.81,$2.15
2010,Nigeria,10.32,$2.15
2012,Nigeria,9.9,$2.15
2015,Nigeria,9.36,$2.15
2018,Nigeria,8.98,$2.15
1998,North Macedonia,0.07,$2.15
2000,North Macedonia,1.15,$2.15
2002,North Macedonia,0.35,$2.15
2003,North Macedonia,0.28,$2.15
2004,North Macedonia,0.19,$2.15
2005,North Macedonia,0.4,$2.15
2006,North Macedonia,0.62,$2.15
2008,North Macedonia,0.15,$2.15
2009,North Macedonia,4.31,$2.15
2010,North Macedonia,6.05,$2.15
2011,North Macedonia,4.15,$2.15
2012,North Macedonia,2.93,$2.15
2013,North Macedonia,1.85,$2.15
2014,North Macedonia,1.96,$2.15
2015,North Macedonia,2.17,$2.15
2016,North Macedonia,1.7,$2.15
2017,North Macedonia,1.84,$2.15
2018,North Macedonia,1.22,$2.15
2019,North Macedonia,1.08,$2.15
1979,Norway,0.17,$2.15
1986,Norway,0.05,$2.15
1991,Norway,0.24,$2.15
1995,Norway,0.23,$2.15
2000,Norway,0.2,$2.15
2003,Norway,0.13,$2.15
2004,Norway,0.23,$2.15
2005,Norway,0.15,$2.15
2006,Norway,0.09,$2.15
2007,Norway,0.08,$2.15
2008,Norway,0.14,$2.15
2009,Norway,0.04,$2.15
2010,Norway,0.1,$2.15
2011,Norway,0.05,$2.15
2012,Norway,0.1,$2.15
2013,Norway,0.08,$2.15
2014,Norway,0.08,$2.15
2015,Norway,0.09,$2.15
2016,Norway,0.19,$2.15
2017,Norway,0.19,$2.15
2018,Norway,0.21,$2.15
2019,Norway,0.14,$2.15
1987,Pakistan,24.05,$2.15
1990,Pakistan,23.16,$2.15
1996,Pakistan,3.85,$2.15
1998,Pakistan,6.44,$2.15
2001,Pakistan,6.85,$2.15
2004,Pakistan,3.89,$2.15
2005,Pakistan,3.55,$2.15
2007,Pakistan,2.29,$2.15
2010,Pakistan,1.33,$2.15
2011,Pakistan,1.3,$2.15
2013,Pakistan,1.06,$2.15
2015,Pakistan,0.67,$2.15
2018,Pakistan,0.62,$2.15
1979,Panama,1.07,$2.15
1989,Panama,15.6,$2.15
1991,Panama,13.22,$2.15
1995,Panama,10.53,$2.15
1997,Panama,8.65,$2.15
1998,Panama,9.42,$2.15
1999,Panama,8.02,$2.15
2000,Panama,5.98,$2.15
2001,Panama,7.25,$2.15
2002,Panama,3.85,$2.15
2003,Panama,4.01,$2.15
2004,Panama,3.38,$2.15
2005,Panama,3.21,$2.15
2006,Panama,3.93,$2.15
2007,Panama,2.22,$2.15
2008,Panama,1.05,$2.15
2009,Panama,0.63,$2.15
2010,Panama,0.98,$2.15
2011,Panama,0.68,$2.15
2012,Panama,1.09,$2.15
2013,Panama,0.6,$2.15
2014,Panama,0.89,$2.15
2015,Panama,0.4,$2.15
2016,Panama,0.41,$2.15
2017,Panama,0.77,$2.15
2018,Panama,0.41,$2.15
2019,Panama,0.36,$2.15
2021,Panama,0.48,$2.15
1996,Papua New Guinea,22.39,$2.15
2009,Papua New Guinea,15.69,$2.15
1990,Paraguay,0.29,$2.15
1995,Paraguay,5.26,$2.15
1997,Paraguay,4.53,$2.15
1999,Paraguay,4.08,$2.15
2001,Paraguay,3.29,$2.15
2002,Paraguay,4.97,$2.15
2003,Paraguay,2.73,$2.15
2004,Paraguay,1.73,$2.15
2005,Paraguay,2.04,$2.15
2006,Paraguay,2.44,$2.15
2007,Paraguay,2.43,$2.15
2008,Paraguay,1.28,$2.15
2009,Paraguay,1.66,$2.15
2010,Paraguay,1.73,$2.15
2011,Paraguay,1.59,$2.15
2012,Paraguay,0.92,$2.15
2013,Paraguay,0.64,$2.15
2014,Paraguay,0.61,$2.15
2015,Paraguay,0.41,$2.15
2016,Paraguay,0.33,$2.15
2017,Paraguay,0.16,$2.15
2018,Paraguay,0.29,$2.15
2019,Paraguay,0.19,$2.15
2020,Paraguay,0.18,$2.15
2021,Paraguay,0.16,$2.15
1985,Peru,0.93,$2.15
1994,Peru,5.44,$2.15
1997,Peru,8.19,$2.15
1998,Peru,7.84,$2.15
1999,Peru,8.04,$2.15
2000,Peru,7.33,$2.15
2001,Peru,7.67,$2.15
2002,Peru,6.68,$2.15
2003,Peru,4.79,$2.15
2004,Peru,5.61,$2.15
2005,Peru,6.59,$2.15
2006,Peru,5.68,$2.15
2007,Peru,4.59,$2.15
2008,Peru,3.56,$2.15
2009,Peru,2.78,$2.15
2010,Peru,2.06,$2.15
2011,Peru,1.89,$2.15
2012,Peru,1.81,$2.15
2013,Peru,1.56,$2.15
2014,Peru,1.34,$2.15
2015,Peru,1.32,$2.15
2016,Peru,1.25,$2.15
2017,Peru,1.22,$2.15
2018,Peru,0.95,$2.15
2019,Peru,0.77,$2.15
2020,Peru,1.8,$2.15
2021,Peru,0.74,$2.15
1985,Philippines,7.65,$2.15
1988,Philippines,6.46,$2.15
1991,Philippines,7.08,$2.15
1994,Philippines,6.56,$2.15
1997,Philippines,4.26,$2.15
2000,Philippines,3.17,$2.15
2000,Philippines,3.26,$2.15
2003,Philippines,2.95,$2.15
2003,Philippines,3.26,$2.15
2006,Philippines,3.26,$2.15
2006,Philippines,3.56,$2.15
2009,Philippines,2.21,$2.15
2009,Philippines,2.47,$2.15
2012,Philippines,2.58,$2.15
2012,Philippines,2.42,$2.15
2015,Philippines,1.55,$2.15
2015,Philippines,1.28,$2.15
2018,Philippines,0.83,$2.15
2018,Philippines,0.51,$2.15
2021,Philippines,1.33,$2.15
2021,Philippines,0.51,$2.15
1985,Poland,0.13,$2.15
1986,Poland,0.05,$2.15
1987,Poland,0.1,$2.15
1989,Poland,0.08,$2.15
1992,Poland,0.11,$2.15
1993,Poland,0.03,$2.15
1995,Poland,0.7,$2.15
1996,Poland,0.57,$2.15
1998,Poland,0,$2.15
1999,Poland,0.29,$2.15
1999,Poland,0.01,$2.15
2000,Poland,0.02,$2.15
2001,Poland,0.02,$2.15
2002,Poland,0.01,$2.15
2003,Poland,0.01,$2.15
2004,Poland,0.02,$2.15
2004,Poland,1.02,$2.15
2005,Poland,0.03,$2.15
2005,Poland,0.39,$2.15
2006,Poland,0,$2.15
2006,Poland,0.32,$2.15
2007,Poland,0.01,$2.15
2007,Poland,0.27,$2.15
2008,Poland,0,$2.15
2008,Poland,0.07,$2.15
2009,Poland,0,$2.15
2009,Poland,0.1,$2.15
2010,Poland,0,$2.15
2010,Poland,0.14,$2.15
2011,Poland,0,$2.15
2011,Poland,0.15,$2.15
2012,Poland,0,$2.15
2012,Poland,0.1,$2.15
2013,Poland,0,$2.15
2013,Poland,0.17,$2.15
2014,Poland,0,$2.15
2014,Poland,0.15,$2.15
2015,Poland,0,$2.15
2015,Poland,0.2,$2.15
2016,Poland,0,$2.15
2016,Poland,0.12,$2.15
2017,Poland,0,$2.15
2017,Poland,0.19,$2.15
2018,Poland,0,$2.15
2018,Poland,0.13,$2.15
2019,Poland,0,$2.15
2019,Poland,0.03,$2.15
2003,Portugal,0.49,$2.15
2004,Portugal,0.26,$2.15
2005,Portugal,0.28,$2.15
2006,Portugal,0.02,$2.15
2007,Portugal,0.1,$2.15
2008,Portugal,0.05,$2.15
2009,Portugal,0.08,$2.15
2010,Portugal,0.05,$2.15
2011,Portugal,0.19,$2.15
2012,Portugal,0.36,$2.15
2013,Portugal,0.39,$2.15
2014,Portugal,0.24,$2.15
2015,Portugal,0.25,$2.15
2016,Portugal,0.2,$2.15
2017,Portugal,0.21,$2.15
2018,Portugal,0.15,$2.15
2019,Portugal,0.06,$2.15
2020,Portugal,0.19,$2.15
1989,Romania,0.28,$2.15
1992,Romania,0.28,$2.15
1994,Romania,2.04,$2.15
1995,Romania,0.42,$2.15
1997,Romania,0.51,$2.15
1998,Romania,0.34,$2.15
1999,Romania,1.07,$2.15
2000,Romania,1.26,$2.15
2001,Romania,0.89,$2.15
2002,Romania,1,$2.15
2003,Romania,0.6,$2.15
2004,Romania,0.16,$2.15
2005,Romania,0.18,$2.15
2006,Romania,0.24,$2.15
2006,Romania,2.6,$2.15
2007,Romania,0.03,$2.15
2007,Romania,1.74,$2.15
2008,Romania,0,$2.15
2008,Romania,1.37,$2.15
2009,Romania,0,$2.15
2009,Romania,0.83,$2.15
2010,Romania,0,$2.15
2010,Romania,1.46,$2.15
2011,Romania,0,$2.15
2011,Romania,2.04,$2.15
2012,Romania,0,$2.15
2012,Romania,2.2,$2.15
2013,Romania,0,$2.15
2013,Romania,2.26,$2.15
2014,Romania,2.53,$2.15
2015,Romania,1.71,$2.15
2016,Romania,0,$2.15
2016,Romania,1.08,$2.15
2017,Romania,1.3,$2.15
2018,Romania,0,$2.15
2018,Romania,0.92,$2.15
2019,Romania,0.76,$2.15
2020,Romania,0.67,$2.15
1993,Russian Federation,0.48,$2.15
1996,Russian Federation,0.92,$2.15
1997,Russian Federation,0.36,$2.15
1998,Russian Federation,0.54,$2.15
1999,Russian Federation,1.09,$2.15
2000,Russian Federation,0.7,$2.15
2001,Russian Federation,0.43,$2.15
2002,Russian Federation,0.21,$2.15
2003,Russian Federation,0.24,$2.15
2004,Russian Federation,0.24,$2.15
2005,Russian Federation,0.17,$2.15
2006,Russian Federation,0.09,$2.15
2007,Russian Federation,0.04,$2.15
2008,Russian Federation,0.02,$2.15
2009,Russian Federation,0.01,$2.15
2010,Russian Federation,0.02,$2.15
2011,Russian Federation,0.01,$2.15
2012,Russian Federation,0.01,$2.15
2013,Russian Federation,0,$2.15
2014,Russian Federation,0,$2.15
2014,Russian Federation,0.12,$2.15
2015,Russian Federation,0,$2.15
2015,Russian Federation,0.13,$2.15
2016,Russian Federation,0.01,$2.15
2016,Russian Federation,0.1,$2.15
2017,Russian Federation,0.01,$2.15
2017,Russian Federation,0.12,$2.15
2018,Russian Federation,0,$2.15
2018,Russian Federation,0.06,$2.15
2019,Russian Federation,0,$2.15
2020,Russian Federation,0,$2.15
1984,Rwanda,17.15,$2.15
2000,Rwanda,36.02,$2.15
2005,Rwanda,29.35,$2.15
2010,Rwanda,22.84,$2.15
2013,Rwanda,18.74,$2.15
2016,Rwanda,18.35,$2.15
2002,Samoa,0.43,$2.15
2008,Samoa,0.11,$2.15
2013,Samoa,0.18,$2.15
1991,Senegal,37.94,$2.15
1994,Senegal,23.09,$2.15
2001,Senegal,18.2,$2.15
2005,Senegal,13.94,$2.15
2011,Senegal,14.33,$2.15
2018,Senegal,1.77,$2.15
2002,Serbia,0.03,$2.15
2003,Serbia,0.12,$2.15
2004,Serbia,0.2,$2.15
2005,Serbia,0.22,$2.15
2006,Serbia,0.09,$2.15
2007,Serbia,0.08,$2.15
2008,Serbia,0.03,$2.15
2009,Serbia,0.03,$2.15
2010,Serbia,0.01,$2.15
2012,Serbia,2.93,$2.15
2013,Serbia,0.03,$2.15
2013,Serbia,3.24,$2.15
2014,Serbia,4.31,$2.15
2015,Serbia,0.02,$2.15
2015,Serbia,4.02,$2.15
2016,Serbia,4.18,$2.15
2017,Serbia,3.26,$2.15
2018,Serbia,0,$2.15
2018,Serbia,1.47,$2.15
2019,Serbia,0,$2.15
2019,Serbia,1.24,$2.15
2020,Serbia,0.79,$2.15
1999,Seychelles,0.15,$2.15
2006,Seychelles,0.07,$2.15
2013,Seychelles,0.48,$2.15
2018,Seychelles,0.11,$2.15
1989,Sierra Leone,47.98,$2.15
2003,Sierra Leone,23.9,$2.15
2011,Sierra Leone,10.59,$2.15
2018,Sierra Leone,6.04,$2.15
1987,Slovenia,0.02,$2.15
1993,Slovenia,0.04,$2.15
1997,Slovenia,0,$2.15
1998,Slovenia,0.02,$2.15
1999,Slovenia,0,$2.15
2002,Slovenia,0,$2.15
2003,Slovenia,0,$2.15
2004,Slovenia,0.01,$2.15
2005,Slovenia,0.06,$2.15
2006,Slovenia,0.02,$2.15
2007,Slovenia,0.02,$2.15
2008,Slovenia,0,$2.15
2009,Slovenia,0,$2.15
2010,Slovenia,0.01,$2.15
2011,Slovenia,0,$2.15
2012,Slovenia,0,$2.15
2013,Slovenia,0.01,$2.15
2014,Slovenia,0,$2.15
2015,Slovenia,0,$2.15
2016,Slovenia,0,$2.15
2017,Slovenia,0,$2.15
2018,Slovenia,0,$2.15
2019,Slovenia,0,$2.15
2020,Slovenia,0,$2.15
2005,Solomon Islands,20.06,$2.15
2012,Solomon Islands,7.33,$2.15
1993,South Africa,11.97,$2.15
2000,South Africa,14.29,$2.15
2005,South Africa,9.29,$2.15
2008,South Africa,5.45,$2.15
2010,South Africa,5.49,$2.15
2014,South Africa,6.87,$2.15
2009,South Sudan,14.56,$2.15
2009,South Sudan,14.56,$2.15
2016,South Sudan,32.02,$2.15
2016,South Sudan,32.02,$2.15
1980,Spain,0.24,$2.15
1985,Spain,0.04,$2.15
1990,Spain,0.27,$2.15
1995,Spain,0.78,$2.15
2000,Spain,0.23,$2.15
2003,Spain,0.58,$2.15
2004,Spain,0.6,$2.15
2005,Spain,0.57,$2.15
2006,Spain,0.62,$2.15
2007,Spain,0.28,$2.15
2008,Spain,0.36,$2.15
2009,Spain,0.58,$2.15
2010,Spain,0.52,$2.15
2011,Spain,0.86,$2.15
2012,Spain,0.6,$2.15
2013,Spain,0.74,$2.15
2014,Spain,0.48,$2.15
2015,Spain,0.63,$2.15
2016,Spain,0.71,$2.15
2017,Spain,0.54,$2.15
2018,Spain,0.57,$2.15
2019,Spain,0.57,$2.15
2020,Spain,0.54,$2.15
1985,Sri Lanka,3.47,$2.15
1990,Sri Lanka,2.12,$2.15
1995,Sri Lanka,2.24,$2.15
2002,Sri Lanka,1.99,$2.15
2006,Sri Lanka,0.9,$2.15
2009,Sri Lanka,0.62,$2.15
2012,Sri Lanka,0.39,$2.15
2016,Sri Lanka,0.17,$2.15
2019,Sri Lanka,0.12,$2.15
1999,Suriname,13.93,$2.15
1975,Sweden,0.3,$2.15
1981,Sweden,0.21,$2.15
1987,Sweden,0.06,$2.15
1992,Sweden,0.04,$2.15
1995,Sweden,0.13,$2.15
2000,Sweden,0,$2.15
2003,Sweden,0.25,$2.15
2004,Sweden,0.33,$2.15
2005,Sweden,0.8,$2.15
2006,Sweden,0.26,$2.15
2007,Sweden,0.34,$2.15
2008,Sweden,0.46,$2.15
2009,Sweden,0.32,$2.15
2010,Sweden,0.39,$2.15
2011,Sweden,0.4,$2.15
2012,Sweden,0.36,$2.15
2013,Sweden,0.53,$2.15
2014,Sweden,0.34,$2.15
2015,Sweden,0.28,$2.15
2016,Sweden,0.22,$2.15
2017,Sweden,0.15,$2.15
2018,Sweden,0.62,$2.15
2019,Sweden,0.24,$2.15
2020,Sweden,0.3,$2.15
1982,Switzerland,0.56,$2.15
1992,Switzerland,0.47,$2.15
2000,Switzerland,0,$2.15
2002,Switzerland,0,$2.15
2006,Switzerland,0.03,$2.15
2007,Switzerland,0.01,$2.15
2008,Switzerland,0.03,$2.15
2009,Switzerland,0.01,$2.15
2010,Switzerland,0.02,$2.15
2011,Switzerland,0,$2.15
2012,Switzerland,0,$2.15
2013,Switzerland,0.02,$2.15
2014,Switzerland,0,$2.15
2015,Switzerland,0.02,$2.15
2016,Switzerland,0.03,$2.15
2017,Switzerland,0,$2.15
2018,Switzerland,0.02,$2.15
1981,"Taiwan, China",0,$2.15
1986,"Taiwan, China",0,$2.15
1991,"Taiwan, China",0,$2.15
1995,"Taiwan, China",0.24,$2.15
1997,"Taiwan, China",0,$2.15
2000,"Taiwan, China",0,$2.15
2005,"Taiwan, China",0,$2.15
2007,"Taiwan, China",0,$2.15
2010,"Taiwan, China",0.01,$2.15
2013,"Taiwan, China",0,$2.15
2016,"Taiwan, China",0,$2.15
1999,Tajikistan,21.19,$2.15
2003,Tajikistan,10.51,$2.15
2004,Tajikistan,4.95,$2.15
2007,Tajikistan,4.49,$2.15
2009,Tajikistan,1.36,$2.15
2015,Tajikistan,1.45,$2.15
1981,Thailand,5.83,$2.15
1988,Thailand,3.7,$2.15
1990,Thailand,2.54,$2.15
1992,Thailand,1.7,$2.15
1994,Thailand,0.8,$2.15
1996,Thailand,0.53,$2.15
1998,Thailand,0.36,$2.15
1999,Thailand,0.6,$2.15
2000,Thailand,0.64,$2.15
2002,Thailand,0.33,$2.15
2004,Thailand,0.19,$2.15
2006,Thailand,0.17,$2.15
2007,Thailand,0.08,$2.15
2008,Thailand,0.04,$2.15
2009,Thailand,0.04,$2.15
2010,Thailand,0.03,$2.15
2011,Thailand,0.01,$2.15
2012,Thailand,0.02,$2.15
2013,Thailand,0.01,$2.15
2014,Thailand,0.01,$2.15
2015,Thailand,0.01,$2.15
2016,Thailand,0.01,$2.15
2017,Thailand,0.01,$2.15
2018,Thailand,0.01,$2.15
2019,Thailand,0.02,$2.15
2020,Thailand,0.01,$2.15
2021,Thailand,0,$2.15
2006,Togo,24.93,$2.15
2011,Togo,26.68,$2.15
2015,Togo,23.49,$2.15
2018,Togo,8.49,$2.15
2000,Tonga,0.74,$2.15
2009,Tonga,0.3,$2.15
2015,Tonga,0.37,$2.15
1988,Trinidad and Tobago,0,$2.15
1992,Trinidad and Tobago,0.54,$2.15
1985,Tunisia,2.96,$2.15
1990,Tunisia,2.08,$2.15
1995,Tunisia,2.14,$2.15
2000,Tunisia,0.82,$2.15
2005,Tunisia,0.52,$2.15
2010,Tunisia,0.28,$2.15
2015,Tunisia,0.02,$2.15
1998,Turkmenistan,14.65,$2.15
1989,Uganda,26.62,$2.15
1992,Uganda,27.19,$2.15
1996,Uganda,25.81,$2.15
1999,Uganda,29.65,$2.15
2002,Uganda,27.79,$2.15
2005,Uganda,22.42,$2.15
2009,Uganda,15.7,$2.15
2012,Uganda,11.3,$2.15
2016,Uganda,13.73,$2.15
2019,Uganda,13.67,$2.15
1992,Ukraine,0.93,$2.15
1993,Ukraine,0.4,$2.15
1995,Ukraine,1.87,$2.15
1996,Ukraine,1.92,$2.15
1999,Ukraine,2.41,$2.15
2002,Ukraine,0.48,$2.15
2003,Ukraine,0.2,$2.15
2004,Ukraine,0.14,$2.15
2005,Ukraine,0.07,$2.15
2006,Ukraine,0.03,$2.15
2007,Ukraine,0.02,$2.15
2008,Ukraine,0,$2.15
2009,Ukraine,0.01,$2.15
2010,Ukraine,0,$2.15
2011,Ukraine,0,$2.15
2012,Ukraine,0,$2.15
2013,Ukraine,0,$2.15
2014,Ukraine,0,$2.15
2015,Ukraine,0.02,$2.15
2016,Ukraine,0.01,$2.15
2017,Ukraine,0,$2.15
2018,Ukraine,0,$2.15
2019,Ukraine,0,$2.15
2020,Ukraine,0.01,$2.15
2013,United Arab Emirates,0,$2.15
2018,United Arab Emirates,0,$2.15
1981,Uruguay,0,$2.15
1989,Uruguay,0.19,$2.15
1992,Uruguay,0.15,$2.15
1995,Uruguay,0.15,$2.15
1996,Uruguay,0.16,$2.15
1997,Uruguay,0.17,$2.15
1998,Uruguay,0.16,$2.15
2000,Uruguay,0.12,$2.15
2001,Uruguay,0.1,$2.15
2002,Uruguay,0.12,$2.15
2003,Uruguay,0.18,$2.15
2004,Uruguay,0.21,$2.15
2005,Uruguay,0.16,$2.15
2006,Uruguay,0.13,$2.15
2007,Uruguay,0.09,$2.15
2008,Uruguay,0.05,$2.15
2009,Uruguay,0.06,$2.15
2010,Uruguay,0.06,$2.15
2011,Uruguay,0.04,$2.15
2012,Uruguay,0.04,$2.15
2013,Uruguay,0.05,$2.15
2014,Uruguay,0.04,$2.15
2015,Uruguay,0.04,$2.15
2016,Uruguay,0.03,$2.15
2017,Uruguay,0.03,$2.15
2018,Uruguay,0.03,$2.15
2019,Uruguay,0.04,$2.15
2020,Uruguay,0.08,$2.15
2021,Uruguay,0.05,$2.15
1998,Uzbekistan,27.7,$2.15
2000,Uzbekistan,38.43,$2.15
2002,Uzbekistan,34.53,$2.15
2003,Uzbekistan,37.85,$2.15
1998,"Yemen, Rep.",1.75,$2.15
2005,"Yemen, Rep.",2.02,$2.15
2014,"Yemen, Rep.",4.78,$2.15
1991,Zambia,37.02,$2.15
1993,Zambia,30.86,$2.15
1996,Zambia,18.95,$2.15
1998,Zambia,19.8,$2.15
2002,Zambia,21.32,$2.15
2004,Zambia,30.7,$2.15
2006,Zambia,33.64,$2.15
2010,Zambia,35.39,$2.15
2015,Zambia,32.77,$2.15
2011,Zimbabwe,5.24,$2.15
2017,Zimbabwe,9.38,$2.15
2019,Zimbabwe,13.5,$2.15
