Year,Region,Poverty rate,Poverty Line
1996,Albania,0.53,$2.15
2002,Albania,1.09,$2.15
2005,Albania,0.59,$2.15
2008,Albania,0.2,$2.15
2012,Albania,0.62,$2.15
2014,Albania,1.02,$2.15
2015,Albania,0.12,$2.15
2016,Albania,0.14,$2.15
2016,Albania,5.8,$2.15
2017,Albania,0.39,$2.15
2017,Albania,5.26,$2.15
2018,Albania,0.05,$2.15
2018,Albania,3.89,$2.15
2019,Albania,0,$2.15
2020,Albania,0.02,$2.15
1988,Algeria,6.42,$2.15
1995,Algeria,5.77,$2.15
2011,Algeria,0.46,$2.15
2000,Angola,21.41,$2.15
2008,Angola,14.63,$2.15
2018,Angola,31.12,$2.15
1980,Argentina,0.31,$2.15
1986,Argentina,1.12,$2.15
1987,Argentina,1.19,$2.15
1991,Argentina,0.97,$2.15
1992,Argentina,1.67,$2.15
1993,Argentina,1.98,$2.15
1994,Argentina,1.91,$2.15
1995,Argentina,3.86,$2.15
1996,Argentina,4.22,$2.15
1997,Argentina,3.77,$2.15
1998,Argentina,3.97,$2.15
1999,Argentina,4.19,$2.15
2000,Argentina,4.99,$2.15
2001,Argentina,8.23,$2.15
2002,Argentina,12.45,$2.15
2003,Argentina,5.28,$2.15
2004,Argentina,3.81,$2.15
2005,Argentina,2.63,$2.15
2006,Argentina,2.12,$2.15
2007,Argentina,1.72,$2.15
2008,Argentina,1.59,$2.15
2009,Argentina,1.52,$2.15
2010,Argentina,0.75,$2.15
2011,Argentina,0.71,$2.15
2012,Argentina,0.64,$2.15
2013,Argentina,0.62,$2.15
2014,Argentina,0.61,$2.15
2016,Argentina,0.67,$2.15
2017,Argentina,0.42,$2.15
2018,Argentina,0.77,$2.15
2019,Argentina,0.78,$2.15
2020,Argentina,1.07,$2.15
2021,Argentina,0.96,$2.15
1996,Armenia,13.9,$2.15
1999,Armenia,11.9,$2.15
2001,Armenia,13.97,$2.15
2002,Armenia,9.97,$2.15
2003,Armenia,7.54,$2.15
2004,Armenia,5.32,$2.15
2005,Armenia,2.63,$2.15
2006,Armenia,2,$2.15
2007,Armenia,1.54,$2.15
2008,Armenia,0.88,$2.15
2009,Armenia,1.25,$2.15
2010,Armenia,0.95,$2.15
2011,Armenia,1.19,$2.15
2012,Armenia,0.83,$2.15
2013,Armenia,1.74,$2.15
2014,Armenia,1.44,$2.15
2015,Armenia,1.15,$2.15
2016,Armenia,1.11,$2.15
2017,Armenia,0.79,$2.15
2018,Armenia,1.34,$2.15
2019,Armenia,1.03,$2.15
2020,Armenia,0.35,$2.15
2021,Armenia,0.52,$2.15
1981,Australia,0.99,$2.15
1985,Australia,1,$2.15
1989,Australia,0.74,$2.15
1995,Australia,0.75,$2.15
2001,Australia,0.75,$2.15
2003,Australia,1,$2.15
2004,Australia,0.71,$2.15
2008,Australia,0.36,$2.15
2010,Australia,0.35,$2.15
2014,Australia,0.5,$2.15
2016,Australia,0.5,$2.15
2018,Australia,0.5,$2.15
1994,Austria,0.23,$2.15
1995,Austria,0,$2.15
1996,Austria,0,$2.15
1997,Austria,0.25,$2.15
1998,Austria,0.24,$2.15
1999,Austria,0.23,$2.15
2000,Austria,0,$2.15
2003,Austria,0.33,$2.15
2004,Austria,0.08,$2.15
2005,Austria,0.15,$2.15
2006,Austria,0.09,$2.15
2007,Austria,0.37,$2.15
2008,Austria,0.47,$2.15
2009,Austria,0.66,$2.15
2010,Austria,0.49,$2.15
2011,Austria,0.42,$2.15
2012,Austria,0.62,$2.15
2013,Austria,0.34,$2.15
2014,Austria,0.22,$2.15
2015,Austria,0.68,$2.15
2016,Austria,0.66,$2.15
2017,Austria,0.32,$2.15
2018,Austria,0.57,$2.15
2019,Austria,0.64,$2.15
2020,Austria,0.68,$2.15
1995,Azerbaijan,12.42,$2.15
2001,Azerbaijan,6.16,$2.15
2002,Azerbaijan,0.08,$2.15
2003,Azerbaijan,0.05,$2.15
2004,Azerbaijan,0,$2.15
2005,Azerbaijan,0,$2.15
1983,Bangladesh,37.28,$2.15
1985,Bangladesh,32.69,$2.15
1988,Bangladesh,41.74,$2.15
1991,Bangladesh,41.94,$2.15
1995,Bangladesh,33.67,$2.15
2000,Bangladesh,33.32,$2.15
2005,Bangladesh,23.97,$2.15
2010,Bangladesh,18.22,$2.15
2016,Bangladesh,13.47,$2.15
1993,Belarus,0.41,$2.15
1995,Belarus,1.25,$2.15
1998,Belarus,21.76,$2.15
1999,Belarus,19.19,$2.15
2000,Belarus,13.64,$2.15
2001,Belarus,6.62,$2.15
2002,Belarus,4.39,$2.15
2003,Belarus,3.51,$2.15
2004,Belarus,1.3,$2.15
2005,Belarus,0.89,$2.15
2006,Belarus,0.4,$2.15
2007,Belarus,0.22,$2.15
2008,Belarus,0.17,$2.15
2009,Belarus,0.14,$2.15
2010,Belarus,0.03,$2.15
2011,Belarus,0.01,$2.15
2012,Belarus,0.01,$2.15
2013,Belarus,0,$2.15
2014,Belarus,0,$2.15
2015,Belarus,0,$2.15
2016,Belarus,0,$2.15
2017,Belarus,0,$2.15
2018,Belarus,0,$2.15
2019,Belarus,0,$2.15
2020,Belarus,0,$2.15
1985,Belgium,0.24,$2.15
1988,Belgium,0.48,$2.15
1992,Belgium,0.98,$2.15
1995,Belgium,0.41,$2.15
1997,Belgium,0.49,$2.15
2000,Belgium,0.31,$2.15
2003,Belgium,0.29,$2.15
2004,Belgium,0.05,$2.15
2005,Belgium,0.19,$2.15
2006,Belgium,0.17,$2.15
2007,Belgium,0.15,$2.15
2008,Belgium,0.12,$2.15
2009,Belgium,0.11,$2.15
2010,Belgium,0.14,$2.15
2011,Belgium,0.17,$2.15
2012,Belgium,0.16,$2.15
2013,Belgium,0.14,$2.15
2014,Belgium,0.08,$2.15
2015,Belgium,0.07,$2.15
2016,Belgium,0.06,$2.15
2017,Belgium,0.15,$2.15
2018,Belgium,0.08,$2.15
2019,Belgium,0.08,$2.15
2020,Belgium,0.05,$2.15
1993,Belize,13.55,$2.15
1994,Belize,14.79,$2.15
1995,Belize,15.27,$2.15
1996,Belize,18.2,$2.15
1997,Belize,20.9,$2.15
1998,Belize,20.73,$2.15
1999,Belize,19.56,$2.15
2003,Benin,53.09,$2.15
2011,Benin,54.26,$2.15
2015,Benin,50.71,$2.15
2018,Benin,19.9,$2.15
2003,Bhutan,13.36,$2.15
2007,Bhutan,5.85,$2.15
2012,Bhutan,1.73,$2.15
2017,Bhutan,0.95,$2.15
2001,Bosnia and Herzegovina,0.33,$2.15
2004,Bosnia and Herzegovina,0.18,$2.15
2007,Bosnia and Herzegovina,0.07,$2.15
2011,Bosnia and Herzegovina,0.07,$2.15
1985,Botswana,41.79,$2.15
1993,Botswana,34.11,$2.15
2002,Botswana,29.14,$2.15
2009,Botswana,17.69,$2.15
2015,Botswana,15.43,$2.15
1981,Brazil,23.95,$2.15
1982,Brazil,24.42,$2.15
1983,Brazil,30.58,$2.15
1984,Brazil,29.92,$2.15
1985,Brazil,25.75,$2.15
1986,Brazil,12.27,$2.15
1987,Brazil,19.95,$2.15
1988,Brazil,22.42,$2.15
1989,Brazil,20.4,$2.15
1990,Brazil,23.99,$2.15
1992,Brazil,23.29,$2.15
1993,Brazil,22.1,$2.15
1995,Brazil,14.74,$2.15
1996,Brazil,16,$2.15
1997,Brazil,15.98,$2.15
1998,Brazil,14.34,$2.15
1999,Brazil,14.97,$2.15
2001,Brazil,13.04,$2.15
2002,Brazil,11.74,$2.15
2003,Brazil,12.61,$2.15
2004,Brazil,11.06,$2.15
2005,Brazil,9.96,$2.15
2006,Brazil,8.26,$2.15
2007,Brazil,7.87,$2.15
2008,Brazil,6.51,$2.15
2009,Brazil,6.12,$2.15
2011,Brazil,5.32,$2.15
2012,Brazil,4.49,$2.15
2013,Brazil,3.73,$2.15
2014,Brazil,3.33,$2.15
2015,Brazil,3.88,$2.15
2016,Brazil,4.71,$2.15
2017,Brazil,5.27,$2.15
2018,Brazil,5.3,$2.15
2019,Brazil,5.39,$2.15
2020,Brazil,1.95,$2.15
2021,Brazil,5.82,$2.15
1989,Bulgaria,0.05,$2.15
1992,Bulgaria,0,$2.15
1994,Bulgaria,0.26,$2.15
1995,Bulgaria,1.21,$2.15
1997,Bulgaria,0.54,$2.15
2001,Bulgaria,2.57,$2.15
2003,Bulgaria,0.93,$2.15
2006,Bulgaria,5.83,$2.15
2007,Bulgaria,0.5,$2.15
2007,Bulgaria,1.79,$2.15
2008,Bulgaria,1.25,$2.15
2009,Bulgaria,1.31,$2.15
2010,Bulgaria,2.01,$2.15
2011,Bulgaria,2.46,$2.15
2012,Bulgaria,2.31,$2.15
2013,Bulgaria,1.78,$2.15
2014,Bulgaria,1.66,$2.15
2015,Bulgaria,3.42,$2.15
2016,Bulgaria,1.97,$2.15
2017,Bulgaria,1.37,$2.15
2018,Bulgaria,0.87,$2.15
2019,Bulgaria,0.92,$2.15
2020,Bulgaria,0.25,$2.15
1994,Burkina Faso,82.08,$2.15
1998,Burkina Faso,79.92,$2.15
2003,Burkina Faso,54.7,$2.15
2009,Burkina Faso,52.65,$2.15
2014,Burkina Faso,39.6,$2.15
2018,Burkina Faso,30.54,$2.15
1992,Burundi,75.06,$2.15
1998,Burundi,79.44,$2.15
2006,Burundi,71.84,$2.15
2013,Burundi,65.13,$2.15
2001,Cabo Verde,19.57,$2.15
2007,Cabo Verde,10.57,$2.15
2015,Cabo Verde,4.56,$2.15
1996,Cameroon,50.37,$2.15
2001,Cameroon,25.69,$2.15
2007,Cameroon,31.42,$2.15
2014,Cameroon,25.66,$2.15
1971,Canada,2.25,$2.15
1975,Canada,1,$2.15
1981,Canada,0.49,$2.15
1987,Canada,0.22,$2.15
1991,Canada,0.22,$2.15
1994,Canada,0.25,$2.15
1996,Canada,0.25,$2.15
1997,Canada,0.25,$2.15
1998,Canada,0.5,$2.15
1999,Canada,0.49,$2.15
2000,Canada,0.25,$2.15
2001,Canada,0.25,$2.15
2002,Canada,0.24,$2.15
2003,Canada,0.24,$2.15
2004,Canada,0.24,$2.15
2005,Canada,0.24,$2.15
2006,Canada,0.25,$2.15
2007,Canada,0.25,$2.15
2008,Canada,0.25,$2.15
2009,Canada,0.24,$2.15
2010,Canada,0.25,$2.15
2011,Canada,0.23,$2.15
2012,Canada,0.25,$2.15
2013,Canada,0.5,$2.15
2014,Canada,0.24,$2.15
2015,Canada,0.25,$2.15
2016,Canada,0.25,$2.15
2017,Canada,0.25,$2.15
2018,Canada,0.25,$2.15
1992,Central African Republic,82.19,$2.15
2008,Central African Republic,61.88,$2.15
2003,Chad,57.79,$2.15
2011,Chad,36.62,$2.15
2018,Chad,30.88,$2.15
1987,Chile,15.38,$2.15
1990,Chile,10.67,$2.15
1992,Chile,6.7,$2.15
1994,Chile,6.8,$2.15
1996,Chile,4.66,$2.15
1998,Chile,4.59,$2.15
2000,Chile,5.83,$2.15
2003,Chile,5.29,$2.15
2006,Chile,2.09,$2.15
2009,Chile,1.72,$2.15
2011,Chile,0.93,$2.15
2013,Chile,0.53,$2.15
2015,Chile,0.43,$2.15
2017,Chile,0.34,$2.15
2020,Chile,0.75,$2.15
1981,China,96.87,$2.15
1981,China,70.78,$2.15
1981,China,91.62,$2.15
1984,China,88.67,$2.15
1984,China,54.86,$2.15
1984,China,81.16,$2.15
1987,China,78.38,$2.15
1987,China,33.54,$2.15
1987,China,67.5,$2.15
1990,China,83.7,$2.15
1990,China,39.31,$2.15
1990,China,71.96,$2.15
1993,China,77.35,$2.15
1993,China,27.03,$2.15
1993,China,62.71,$2.15
1996,China,61.92,$2.15
1996,China,18.76,$2.15
1996,China,48.14,$2.15
1999,China,62.65,$2.15
1999,China,14.8,$2.15
1999,China,45.97,$2.15
2002,China,54.85,$2.15
2002,China,7.1,$2.15
2002,China,36.5,$2.15
2005,China,35.63,$2.15
2005,China,3.85,$2.15
2005,China,22.12,$2.15
2008,China,31.94,$2.15
2008,China,1.9,$2.15
2008,China,17.96,$2.15
2010,China,26.35,$2.15
2010,China,1.07,$2.15
2010,China,13.9,$2.15
2011,China,19.88,$2.15
2011,China,0.77,$2.15
2011,China,10.23,$2.15
2012,China,16.97,$2.15
2012,China,0.59,$2.15
2012,China,8.49,$2.15
2013,China,5.32,$2.15
2013,China,0.72,$2.15
2013,China,2.88,$2.15
2014,China,3.74,$2.15
2014,China,0.68,$2.15
2014,China,2.08,$2.15
2015,China,2.09,$2.15
2015,China,0.43,$2.15
2015,China,1.17,$2.15
2016,China,1.61,$2.15
2016,China,0.24,$2.15
2016,China,0.83,$2.15
2017,China,1.32,$2.15
2017,China,0.21,$2.15
2017,China,0.68,$2.15
2018,China,0.88,$2.15
2018,China,0.11,$2.15
2018,China,0.43,$2.15
2019,China,0.26,$2.15
2019,China,0.06,$2.15
2019,China,0.14,$2.15
1980,Colombia,20.76,$2.15
1988,Colombia,15.24,$2.15
1989,Colombia,14.17,$2.15
1991,Colombia,13.41,$2.15
1992,Colombia,9.56,$2.15
1996,Colombia,17.57,$2.15
1999,Colombia,21.35,$2.15
2000,Colombia,17.5,$2.15
2001,Colombia,21,$2.15
2002,Colombia,14.18,$2.15
2003,Colombia,13.01,$2.15
2004,Colombia,12.01,$2.15
2005,Colombia,10.74,$2.15
2008,Colombia,11.03,$2.15
2009,Colombia,9.6,$2.15
2010,Colombia,8.28,$2.15
2011,Colombia,6.83,$2.15
2012,Colombia,6.72,$2.15
2013,Colombia,6.11,$2.15
2014,Colombia,5.43,$2.15
2015,Colombia,4.93,$2.15
2016,Colombia,4.91,$2.15
2017,Colombia,4.34,$2.15
2018,Colombia,4.5,$2.15
2019,Colombia,5.28,$2.15
2020,Colombia,9.36,$2.15
2021,Colombia,6.61,$2.15
2004,Comoros,14.63,$2.15
2014,Comoros,18.64,$2.15
2004,"Congo, Dem. Rep.",91.47,$2.15
2012,"Congo, Dem. Rep.",69.69,$2.15
2005,"Congo, Rep.",49.55,$2.15
2011,"Congo, Rep.",35.36,$2.15
1981,Costa Rica,25.86,$2.15
1986,Costa Rica,13.92,$2.15
1989,Costa Rica,10.55,$2.15
1990,Costa Rica,10.38,$2.15
1991,Costa Rica,12.41,$2.15
1992,Costa Rica,9.94,$2.15
1993,Costa Rica,8.53,$2.15
1994,Costa Rica,7.04,$2.15
1995,Costa Rica,7.15,$2.15
1996,Costa Rica,8.22,$2.15
1997,Costa Rica,6.72,$2.15
1998,Costa Rica,5.22,$2.15
1999,Costa Rica,6.82,$2.15
2000,Costa Rica,6.93,$2.15
2001,Costa Rica,5.09,$2.15
2002,Costa Rica,4.68,$2.15
2003,Costa Rica,4.72,$2.15
2004,Costa Rica,4.66,$2.15
2005,Costa Rica,3.33,$2.15
2006,Costa Rica,3.34,$2.15
2007,Costa Rica,1.82,$2.15
2008,Costa Rica,2.42,$2.15
2009,Costa Rica,2.48,$2.15
2010,Costa Rica,1.49,$2.15
2011,Costa Rica,1.75,$2.15
2012,Costa Rica,1.67,$2.15
2013,Costa Rica,1.64,$2.15
2014,Costa Rica,1.51,$2.15
2015,Costa Rica,1.57,$2.15
2016,Costa Rica,1.34,$2.15
2017,Costa Rica,1.17,$2.15
2018,Costa Rica,1.51,$2.15
2019,Costa Rica,1.06,$2.15
2020,Costa Rica,2.29,$2.15
2021,Costa Rica,1.23,$2.15
1988,Croatia,0.04,$2.15
1998,Croatia,0,$2.15
1999,Croatia,0.22,$2.15
2000,Croatia,0.09,$2.15
2001,Croatia,0.08,$2.15
2004,Croatia,0,$2.15
2008,Croatia,0,$2.15
2009,Croatia,0.03,$2.15
2009,Croatia,0.86,$2.15
2010,Croatia,0,$2.15
2010,Croatia,1.21,$2.15
2011,Croatia,0.63,$2.15
2012,Croatia,0.79,$2.15
2013,Croatia,0.73,$2.15
2014,Croatia,0.98,$2.15
2015,Croatia,0.59,$2.15
2016,Croatia,0.62,$2.15
2017,Croatia,0.52,$2.15
2018,Croatia,0.44,$2.15
2019,Croatia,0.26,$2.15
2020,Croatia,0.31,$2.15
2004,Cyprus,0.09,$2.15
2005,Cyprus,0.01,$2.15
2006,Cyprus,0.02,$2.15
2007,Cyprus,0.03,$2.15
2008,Cyprus,0.01,$2.15
2009,Cyprus,0.11,$2.15
2010,Cyprus,0.04,$2.15
2011,Cyprus,0.01,$2.15
2012,Cyprus,0,$2.15
2013,Cyprus,0.1,$2.15
2014,Cyprus,0.08,$2.15
2015,Cyprus,0.03,$2.15
2016,Cyprus,0.04,$2.15
2017,Cyprus,0.03,$2.15
2018,Cyprus,0.02,$2.15
2019,Cyprus,0.15,$2.15
2020,Cyprus,0.01,$2.15
1987,Denmark,0.5,$2.15
1992,Denmark,0.49,$2.15
1995,Denmark,0,$2.15
2000,Denmark,0,$2.15
2003,Denmark,0.34,$2.15
2004,Denmark,0.31,$2.15
2005,Denmark,0.25,$2.15
2006,Denmark,0.14,$2.15
2007,Denmark,0.01,$2.15
2008,Denmark,0.11,$2.15
2009,Denmark,0.49,$2.15
2010,Denmark,0.06,$2.15
2011,Denmark,0,$2.15
2012,Denmark,0,$2.15
2013,Denmark,0.31,$2.15
2014,Denmark,0.2,$2.15
2015,Denmark,0.18,$2.15
2016,Denmark,0.28,$2.15
2017,Denmark,0.14,$2.15
2018,Denmark,0.17,$2.15
2019,Denmark,0.25,$2.15
2020,Denmark,0.16,$2.15
1986,Dominican Republic,6.87,$2.15
1989,Dominican Republic,17.49,$2.15
1992,Dominican Republic,7.63,$2.15
1996,Dominican Republic,6.45,$2.15
1997,Dominican Republic,6.87,$2.15
2000,Dominican Republic,6.71,$2.15
2001,Dominican Republic,5.14,$2.15
2002,Dominican Republic,7.61,$2.15
2003,Dominican Republic,8.7,$2.15
2004,Dominican Republic,11.61,$2.15
2005,Dominican Republic,7.41,$2.15
2006,Dominican Republic,6.26,$2.15
2007,Dominican Republic,6.07,$2.15
2008,Dominican Republic,5.45,$2.15
2009,Dominican Republic,4.68,$2.15
2010,Dominican Republic,3.87,$2.15
2011,Dominican Republic,4.06,$2.15
2012,Dominican Republic,3.85,$2.15
2013,Dominican Republic,2.97,$2.15
2014,Dominican Republic,3.36,$2.15
2015,Dominican Republic,2.53,$2.15
2016,Dominican Republic,2.03,$2.15
2017,Dominican Republic,1,$2.15
2018,Dominican Republic,0.84,$2.15
2019,Dominican Republic,0.83,$2.15
2020,Dominican Republic,0.96,$2.15
2021,Dominican Republic,0.85,$2.15
1987,Ecuador,17.66,$2.15
1994,Ecuador,17.32,$2.15
1995,Ecuador,13.81,$2.15
1998,Ecuador,15.99,$2.15
1999,Ecuador,21.84,$2.15
2000,Ecuador,28.43,$2.15
2003,Ecuador,14.85,$2.15
2004,Ecuador,15.02,$2.15
2005,Ecuador,11.8,$2.15
2006,Ecuador,8.15,$2.15
2007,Ecuador,8.52,$2.15
2008,Ecuador,7.51,$2.15
2009,Ecuador,7.31,$2.15
2010,Ecuador,5.68,$2.15
2011,Ecuador,4.67,$2.15
2012,Ecuador,4.46,$2.15
2013,Ecuador,3.24,$2.15
2014,Ecuador,2.64,$2.15
2015,Ecuador,3.44,$2.15
2016,Ecuador,3.58,$2.15
2017,Ecuador,3.21,$2.15
2018,Ecuador,3.31,$2.15
2019,Ecuador,3.58,$2.15
2020,Ecuador,6.52,$2.15
2021,Ecuador,3.58,$2.15
1990,"Egypt, Arab Rep.",5.29,$2.15
1995,"Egypt, Arab Rep.",3.04,$2.15
1999,"Egypt, Arab Rep.",1.38,$2.15
2004,"Egypt, Arab Rep.",3.11,$2.15
2008,"Egypt, Arab Rep.",2.87,$2.15
2010,"Egypt, Arab Rep.",1.04,$2.15
2012,"Egypt, Arab Rep.",0.89,$2.15
2015,"Egypt, Arab Rep.",0.91,$2.15
2017,"Egypt, Arab Rep.",2.5,$2.15
2019,"Egypt, Arab Rep.",1.47,$2.15
1989,El Salvador,18.9,$2.15
1991,El Salvador,22.06,$2.15
1995,El Salvador,13.26,$2.15
1996,El Salvador,15.26,$2.15
1998,El Salvador,21.03,$2.15
1999,El Salvador,17.25,$2.15
2000,El Salvador,12.94,$2.15
2001,El Salvador,14.1,$2.15
2002,El Salvador,14.73,$2.15
2003,El Salvador,15.81,$2.15
2004,El Salvador,11.49,$2.15
2005,El Salvador,11.28,$2.15
2006,El Salvador,7.65,$2.15
2007,El Salvador,5.07,$2.15
2008,El Salvador,7.72,$2.15
2009,El Salvador,7.42,$2.15
2010,El Salvador,6.35,$2.15
2011,El Salvador,5.34,$2.15
2012,El Salvador,4.64,$2.15
2013,El Salvador,3.62,$2.15
2014,El Salvador,3.44,$2.15
2015,El Salvador,2.31,$2.15
2016,El Salvador,2.63,$2.15
2017,El Salvador,2.16,$2.15
2018,El Salvador,1.84,$2.15
2019,El Salvador,1.4,$2.15
2021,El Salvador,3.59,$2.15
1993,Estonia,1.35,$2.15
1995,Estonia,0.59,$2.15
1998,Estonia,0.16,$2.15
2000,Estonia,1.43,$2.15
2001,Estonia,1.22,$2.15
2002,Estonia,1.37,$2.15
2003,Estonia,1.18,$2.15
2003,Estonia,2.51,$2.15
2004,Estonia,0.55,$2.15
2004,Estonia,1.08,$2.15
2005,Estonia,0.81,$2.15
2006,Estonia,0.82,$2.15
2007,Estonia,0.43,$2.15
2008,Estonia,0.39,$2.15
2009,Estonia,0.56,$2.15
2010,Estonia,0.79,$2.15
2011,Estonia,0.98,$2.15
2012,Estonia,0.74,$2.15
2013,Estonia,0.86,$2.15
2014,Estonia,0.83,$2.15
2015,Estonia,0.6,$2.15
2016,Estonia,0.47,$2.15
2017,Estonia,0.27,$2.15
2018,Estonia,0.25,$2.15
2019,Estonia,0.56,$2.15
2020,Estonia,0.35,$2.15
1994,Eswatini,85.45,$2.15
2000,Eswatini,56.13,$2.15
2009,Eswatini,49.33,$2.15
2016,Eswatini,36.08,$2.15
1981,Ethiopia,71.43,$2.15
1995,Ethiopia,69.21,$2.15
1999,Ethiopia,58.03,$2.15
2004,Ethiopia,34.58,$2.15
2010,Ethiopia,30.75,$2.15
2015,Ethiopia,26.98,$2.15
1990,Europe & Central Asia,3.15,$2.15
1991,Europe & Central Asia,3.69,$2.15
1992,Europe & Central Asia,5.23,$2.15
1993,Europe & Central Asia,6.21,$2.15
1994,Europe & Central Asia,8.08,$2.15
1995,Europe & Central Asia,8.16,$2.15
1996,Europe & Central Asia,8.26,$2.15
1997,Europe & Central Asia,7.74,$2.15
1998,Europe & Central Asia,7.65,$2.15
1999,Europe & Central Asia,9.79,$2.15
2000,Europe & Central Asia,9.09,$2.15
2001,Europe & Central Asia,8.3,$2.15
2002,Europe & Central Asia,7.38,$2.15
2003,Europe & Central Asia,7.22,$2.15
2004,Europe & Central Asia,6.26,$2.15
2005,Europe & Central Asia,6.19,$2.15
2006,Europe & Central Asia,5.49,$2.15
2007,Europe & Central Asia,4.9,$2.15
2008,Europe & Central Asia,4.34,$2.15
2009,Europe & Central Asia,4.17,$2.15
2010,Europe & Central Asia,4.1,$2.15
2011,Europe & Central Asia,3.8,$2.15
2012,Europe & Central Asia,3.63,$2.15
2013,Europe & Central Asia,3.3,$2.15
2014,Europe & Central Asia,3.44,$2.15
2015,Europe & Central Asia,3.08,$2.15
2016,Europe & Central Asia,2.76,$2.15
2017,Europe & Central Asia,2.73,$2.15
2018,Europe & Central Asia,2.3,$2.15
2019,Europe & Central Asia,2.26,$2.15
2020,Europe & Central Asia,2.29,$2.15
2002,Fiji,1.68,$2.15
2008,Fiji,1.03,$2.15
2013,Fiji,0.36,$2.15
2019,Fiji,1.32,$2.15
1987,Finland,0,$2.15
1991,Finland,0,$2.15
1995,Finland,0,$2.15
2000,Finland,0,$2.15
2003,Finland,0.05,$2.15
2004,Finland,0.04,$2.15
2005,Finland,0.06,$2.15
2006,Finland,0.08,$2.15
2007,Finland,0.06,$2.15
2008,Finland,0.05,$2.15
2009,Finland,0.05,$2.15
2010,Finland,0.05,$2.15
2011,Finland,0.05,$2.15
2012,Finland,0.05,$2.15
2013,Finland,0.09,$2.15
2014,Finland,0.07,$2.15
2015,Finland,0.07,$2.15
2016,Finland,0.05,$2.15
2017,Finland,0.07,$2.15
2018,Finland,0.06,$2.15
2019,Finland,0.04,$2.15
2020,Finland,0.03,$2.15
1970,France,0,$2.15
1975,France,0.25,$2.15
1979,France,0.25,$2.15
1984,France,0.5,$2.15
1990,France,0.25,$2.15
1996,France,0.25,$2.15
1997,France,0.25,$2.15
1998,France,0,$2.15
1999,France,0,$2.15
2000,France,0,$2.15
2001,France,0,$2.15
2002,France,0,$2.15
2003,France,0.16,$2.15
2004,France,0.05,$2.15
2005,France,0.04,$2.15
2006,France,0.03,$2.15
2007,France,0.01,$2.15
2008,France,0.01,$2.15
2009,France,0.04,$2.15
2010,France,0.09,$2.15
2011,France,0.03,$2.15
2012,France,0.06,$2.15
2013,France,0.06,$2.15
2014,France,0.02,$2.15
2015,France,0.13,$2.15
2016,France,0.06,$2.15
2017,France,0.02,$2.15
2018,France,0.02,$2.15
2019,France,0.05,$2.15
2020,France,0.11,$2.15
2005,Gabon,5.48,$2.15
2017,Gabon,2.47,$2.15
1998,"Gambia, The",74.1,$2.15
2003,"Gambia, The",50.69,$2.15
2010,"Gambia, The",29.83,$2.15
2015,"Gambia, The",13.38,$2.15
2020,"Gambia, The",17.24,$2.15
1996,Georgia,6.77,$2.15
1997,Georgia,18.78,$2.15
1998,Georgia,16.96,$2.15
1999,Georgia,21.79,$2.15
2000,Georgia,22.9,$2.15
2001,Georgia,23.01,$2.15
2002,Georgia,12.69,$2.15
2003,Georgia,12.95,$2.15
2004,Georgia,12.37,$2.15
2005,Georgia,12.88,$2.15
2006,Georgia,12.59,$2.15
2007,Georgia,14.2,$2.15
2008,Georgia,12.45,$2.15
2009,Georgia,12.13,$2.15
2010,Georgia,14.36,$2.15
2011,Georgia,13.4,$2.15
2012,Georgia,10.67,$2.15
2013,Georgia,8.08,$2.15
2014,Georgia,6.13,$2.15
2015,Georgia,4.88,$2.15
2016,Georgia,4.91,$2.15
2017,Georgia,6.23,$2.15
2018,Georgia,5.56,$2.15
2019,Georgia,4.85,$2.15
2020,Georgia,5.81,$2.15
2021,Georgia,5.49,$2.15
1991,Germany,0,$2.15
1992,Germany,0,$2.15
1993,Germany,0,$2.15
1994,Germany,0.2,$2.15
1995,Germany,0.25,$2.15
1996,Germany,0,$2.15
1997,Germany,0,$2.15
1998,Germany,0,$2.15
1999,Germany,0,$2.15
2000,Germany,0,$2.15
2001,Germany,0,$2.15
2002,Germany,0,$2.15
2003,Germany,0,$2.15
2004,Germany,0,$2.15
2005,Germany,0,$2.15
2006,Germany,0,$2.15
2007,Germany,0,$2.15
2008,Germany,0,$2.15
2009,Germany,0,$2.15
2010,Germany,0,$2.15
2011,Germany,0,$2.15
2012,Germany,0,$2.15
2013,Germany,0,$2.15
2014,Germany,0,$2.15
2015,Germany,0,$2.15
2016,Germany,0,$2.15
2017,Germany,0.25,$2.15
2018,Germany,0,$2.15
2019,Germany,0,$2.15
1987,Ghana,58.39,$2.15
1988,Ghana,57.54,$2.15
1991,Ghana,64.17,$2.15
1998,Ghana,55,$2.15
2005,Ghana,42.47,$2.15
2012,Ghana,25.69,$2.15
2016,Ghana,25.21,$2.15
1995,Greece,1.74,$2.15
2000,Greece,0.49,$2.15
2003,Greece,0.5,$2.15
2004,Greece,0.64,$2.15
2005,Greece,0.34,$2.15
2006,Greece,0.55,$2.15
2007,Greece,0.5,$2.15
2008,Greece,0.34,$2.15
2009,Greece,0.63,$2.15
2010,Greece,0.97,$2.15
2011,Greece,1.12,$2.15
2012,Greece,1.46,$2.15
2013,Greece,0.96,$2.15
2014,Greece,1.51,$2.15
2015,Greece,1.37,$2.15
2016,Greece,1.04,$2.15
2017,Greece,0.87,$2.15
2018,Greece,0.14,$2.15
2019,Greece,0.69,$2.15
2020,Greece,0.81,$2.15
1986,Guatemala,49.7,$2.15
1989,Guatemala,37,$2.15
1998,Guatemala,14,$2.15
2000,Guatemala,9.61,$2.15
2006,Guatemala,11.65,$2.15
2014,Guatemala,9.52,$2.15
1991,Guinea,87.87,$2.15
1994,Guinea,40.79,$2.15
2002,Guinea,53.19,$2.15
2007,Guinea,47.89,$2.15
2012,Guinea,24.54,$2.15
2018,Guinea,13.82,$2.15
1991,Guinea-Bissau,42.71,$2.15
1993,Guinea-Bissau,42.23,$2.15
2002,Guinea-Bissau,53.17,$2.15
2010,Guinea-Bissau,66.69,$2.15
2018,Guinea-Bissau,21.66,$2.15
1992,Guyana,29.38,$2.15
1998,Guyana,11.9,$2.15
2001,Haiti,67.83,$2.15
2012,Haiti,29.19,$2.15
2012,Haiti,57.88,$2.15
1986,Honduras,49.41,$2.15
1989,Honduras,39.96,$2.15
1990,Honduras,42,$2.15
1991,Honduras,30.77,$2.15
1992,Honduras,26.97,$2.15
1993,Honduras,21.43,$2.15
1994,Honduras,24.3,$2.15
1995,Honduras,26.23,$2.15
1996,Honduras,28.55,$2.15
1997,Honduras,19.59,$2.15
1998,Honduras,24.54,$2.15
1999,Honduras,24.93,$2.15
2001,Honduras,19.84,$2.15
2002,Honduras,22,$2.15
2003,Honduras,26.5,$2.15
2004,Honduras,25.43,$2.15
2005,Honduras,25.07,$2.15
2006,Honduras,21.14,$2.15
2007,Honduras,15.64,$2.15
2008,Honduras,15.24,$2.15
2009,Honduras,12.32,$2.15
2010,Honduras,13.8,$2.15
2011,Honduras,14.32,$2.15
2012,Honduras,16.99,$2.15
2013,Honduras,14.57,$2.15
2014,Honduras,13.28,$2.15
2015,Honduras,12.98,$2.15
2016,Honduras,14.61,$2.15
2017,Honduras,13.86,$2.15
2018,Honduras,14.23,$2.15
2019,Honduras,12.74,$2.15
1987,Hungary,0.06,$2.15
1989,Hungary,0.08,$2.15
1991,Hungary,1.68,$2.15
1993,Hungary,0.19,$2.15
1994,Hungary,1.24,$2.15
1998,Hungary,0.05,$2.15
1999,Hungary,0.07,$2.15
1999,Hungary,0.21,$2.15
2000,Hungary,0.06,$2.15
2001,Hungary,0,$2.15
2002,Hungary,0,$2.15
2003,Hungary,0.02,$2.15
2004,Hungary,0,$2.15
2004,Hungary,0.1,$2.15
2005,Hungary,0,$2.15
2005,Hungary,0.72,$2.15
2006,Hungary,0,$2.15
2006,Hungary,0.14,$2.15
2007,Hungary,0,$2.15
2007,Hungary,0.15,$2.15
2008,Hungary,0.02,$2.15
2009,Hungary,0.06,$2.15
2010,Hungary,0.07,$2.15
2011,Hungary,0.09,$2.15
2012,Hungary,0.33,$2.15
2013,Hungary,0.18,$2.15
2014,Hungary,0.66,$2.15
2015,Hungary,0.63,$2.15
2016,Hungary,1.35,$2.15
2017,Hungary,0.61,$2.15
2018,Hungary,0.21,$2.15
2019,Hungary,0.3,$2.15
2020,Hungary,0.35,$2.15
2003,Iceland,0,$2.15
2004,Iceland,0.17,$2.15
2005,Iceland,0.04,$2.15
2006,Iceland,0.15,$2.15
2007,Iceland,0.08,$2.15
2008,Iceland,0.06,$2.15
2009,Iceland,0.1,$2.15
2010,Iceland,0.15,$2.15
2011,Iceland,0.12,$2.15
2012,Iceland,0.03,$2.15
2013,Iceland,0.05,$2.15
2014,Iceland,0,$2.15
2015,Iceland,0.03,$2.15
2016,Iceland,0,$2.15
2017,Iceland,0,$2.15
1977,India,68.6,$2.15
1977,India,43.68,$2.15
1977,India,63.11,$2.15
1983,India,62.09,$2.15
1983,India,37.67,$2.15
1983,India,56.26,$2.15
1987,India,55.2,$2.15
1987,India,36.62,$2.15
1987,India,50.59,$2.15
1993,India,53.49,$2.15
1993,India,31.17,$2.15
1993,India,47.64,$2.15
2004,India,45.32,$2.15
2004,India,26.61,$2.15
2004,India,39.91,$2.15
2009,India,37.96,$2.15
2009,India,21.31,$2.15
2009,India,32.87,$2.15
2011,India,26.32,$2.15
2011,India,14.22,$2.15
2011,India,22.53,$2.15
2015,India,22,$2.15
2015,India,12.02,$2.15
2015,India,18.73,$2.15
2016,India,20.09,$2.15
2016,India,14.11,$2.15
2016,India,18.11,$2.15
2017,India,14.6,$2.15
2017,India,10.94,$2.15
2017,India,13.37,$2.15
2018,India,11.68,$2.15
2018,India,9.94,$2.15
2018,India,11.09,$2.15
2019,India,11.92,$2.15
2019,India,6.39,$2.15
2019,India,10.01,$2.15
1984,Indonesia,83.3,$2.15
1984,Indonesia,47.12,$2.15
1984,Indonesia,74.17,$2.15
1987,Indonesia,82.62,$2.15
1987,Indonesia,52.81,$2.15
1987,Indonesia,74.32,$2.15
1990,Indonesia,73.09,$2.15
1990,Indonesia,39.28,$2.15
1990,Indonesia,62.75,$2.15
1993,Indonesia,74.12,$2.15
1993,Indonesia,38.56,$2.15
1993,Indonesia,62.1,$2.15
1996,Indonesia,64.02,$2.15
1996,Indonesia,29.81,$2.15
1996,Indonesia,51.28,$2.15
1998,Indonesia,81.54,$2.15
1998,Indonesia,50.18,$2.15
1998,Indonesia,69.12,$2.15
1999,Indonesia,56.62,$2.15
1999,Indonesia,30.5,$2.15
1999,Indonesia,45.97,$2.15
2000,Indonesia,53.88,$2.15
2000,Indonesia,29.41,$2.15
2000,Indonesia,43.6,$2.15
2001,Indonesia,51.22,$2.15
2001,Indonesia,24.7,$2.15
2001,Indonesia,39.87,$2.15
2002,Indonesia,38.15,$2.15
2002,Indonesia,12.09,$2.15
2002,Indonesia,26.79,$2.15
2003,Indonesia,36.95,$2.15
2003,Indonesia,13.27,$2.15
2003,Indonesia,26.45,$2.15
2004,Indonesia,38.42,$2.15
2004,Indonesia,13.16,$2.15
2004,Indonesia,27.01,$2.15
2005,Indonesia,35.56,$2.15
2005,Indonesia,11.8,$2.15
2005,Indonesia,24.64,$2.15
2006,Indonesia,43.1,$2.15
2006,Indonesia,16.33,$2.15
2006,Indonesia,30.59,$2.15
2007,Indonesia,35.89,$2.15
2007,Indonesia,13.51,$2.15
2007,Indonesia,25.25,$2.15
2008,Indonesia,34.19,$2.15
2008,Indonesia,14.65,$2.15
2008,Indonesia,24.75,$2.15
2009,Indonesia,28.88,$2.15
2009,Indonesia,12.76,$2.15
2009,Indonesia,20.96,$2.15
2010,Indonesia,25.33,$2.15
2010,Indonesia,11.15,$2.15
2010,Indonesia,18.25,$2.15
2011,Indonesia,21.6,$2.15
2011,Indonesia,9.93,$2.15
2011,Indonesia,15.69,$2.15
2012,Indonesia,18.85,$2.15
2012,Indonesia,8.87,$2.15
2012,Indonesia,13.74,$2.15
2013,Indonesia,14.9,$2.15
2013,Indonesia,7.73,$2.15
2013,Indonesia,11.18,$2.15
2014,Indonesia,11.94,$2.15
2014,Indonesia,6.85,$2.15
2014,Indonesia,9.26,$2.15
2015,Indonesia,10.22,$2.15
2015,Indonesia,6.57,$2.15
2015,Indonesia,8.28,$2.15
2016,Indonesia,9.55,$2.15
2016,Indonesia,5.79,$2.15
2016,Indonesia,7.52,$2.15
2017,Indonesia,8.42,$2.15
2017,Indonesia,5.13,$2.15
2017,Indonesia,6.62,$2.15
2018,Indonesia,7.16,$2.15
2018,Indonesia,4.03,$2.15
2018,Indonesia,5.42,$2.15
2019,Indonesia,5.89,$2.15
2019,Indonesia,3.19,$2.15
2019,Indonesia,4.38,$2.15
2020,Indonesia,5.08,$2.15
2020,Indonesia,2.87,$2.15
2020,Indonesia,3.83,$2.15
2021,Indonesia,4.62,$2.15
2021,Indonesia,2.75,$2.15
2021,Indonesia,3.55,$2.15
2022,Indonesia,3.12,$2.15
2022,Indonesia,2,$2.15
2022,Indonesia,2.47,$2.15
1986,"Iran, Islamic Rep.",9.14,$2.15
1990,"Iran, Islamic Rep.",8.43,$2.15
1994,"Iran, Islamic Rep.",4.48,$2.15
1998,"Iran, Islamic Rep.",4.53,$2.15
2005,"Iran, Islamic Rep.",1.02,$2.15
2006,"Iran, Islamic Rep.",0.85,$2.15
2009,"Iran, Islamic Rep.",1.49,$2.15
2013,"Iran, Islamic Rep.",0.27,$2.15
2014,"Iran, Islamic Rep.",0.79,$2.15
2015,"Iran, Islamic Rep.",0.72,$2.15
2016,"Iran, Islamic Rep.",0.69,$2.15
2017,"Iran, Islamic Rep.",0.63,$2.15
2018,"Iran, Islamic Rep.",0.86,$2.15
2019,"Iran, Islamic Rep.",0.97,$2.15
2006,Iraq,0.04,$2.15
2012,Iraq,0.09,$2.15
1987,Ireland,0.69,$2.15
1994,Ireland,0.16,$2.15
1995,Ireland,0.18,$2.15
1996,Ireland,0.22,$2.15
2000,Ireland,0.18,$2.15
2002,Ireland,0.24,$2.15
2003,Ireland,0.13,$2.15
2004,Ireland,0.05,$2.15
2005,Ireland,0.02,$2.15
2006,Ireland,0.4,$2.15
2007,Ireland,0.1,$2.15
2008,Ireland,0.18,$2.15
2009,Ireland,0.49,$2.15
2010,Ireland,0.54,$2.15
2011,Ireland,0.54,$2.15
2012,Ireland,0.34,$2.15
2013,Ireland,0.68,$2.15
2014,Ireland,0.39,$2.15
2015,Ireland,0.37,$2.15
2016,Ireland,0.13,$2.15
2017,Ireland,0.24,$2.15
2018,Ireland,0,$2.15
2019,Ireland,0.06,$2.15
2020,Ireland,0.14,$2.15
1979,Israel,0,$2.15
1986,Israel,0.24,$2.15
1992,Israel,0.22,$2.15
1997,Israel,0.25,$2.15
2001,Israel,0.25,$2.15
2002,Israel,0.48,$2.15
2003,Israel,0.46,$2.15
2004,Israel,0.5,$2.15
2005,Israel,0.48,$2.15
2006,Israel,0.22,$2.15
2007,Israel,0.49,$2.15
2008,Israel,0.48,$2.15
2009,Israel,0.49,$2.15
2010,Israel,0.23,$2.15
2011,Israel,0.23,$2.15
2012,Israel,0.74,$2.15
2013,Israel,0.45,$2.15
2014,Israel,0.49,$2.15
2015,Israel,0.49,$2.15
2016,Israel,0.24,$2.15
2017,Israel,0.46,$2.15
2018,Israel,0.5,$2.15
1986,Italy,0.21,$2.15
1987,Italy,1.24,$2.15
1989,Italy,0,$2.15
1991,Italy,0.25,$2.15
1993,Italy,1.22,$2.15
1995,Italy,0.74,$2.15
1998,Italy,1.74,$2.15
2000,Italy,1.25,$2.15
2003,Italy,0.77,$2.15
2004,Italy,0.6,$2.15
2005,Italy,0.65,$2.15
2006,Italy,0.65,$2.15
2007,Italy,0.68,$2.15
2008,Italy,0.7,$2.15
2009,Italy,0.91,$2.15
2010,Italy,1.27,$2.15
2011,Italy,1.16,$2.15
2012,Italy,1.2,$2.15
2013,Italy,1.37,$2.15
2014,Italy,1.23,$2.15
2015,Italy,1.95,$2.15
2016,Italy,1.63,$2.15
2017,Italy,1.42,$2.15
2018,Italy,1.46,$2.15
2019,Italy,0.99,$2.15
2020,Italy,0.83,$2.15
2008,Japan,0.48,$2.15
2010,Japan,0,$2.15
2013,Japan,0.73,$2.15
1986,Jordan,0,$2.15
1992,Jordan,0.64,$2.15
1997,Jordan,0.41,$2.15
2002,Jordan,0.2,$2.15
2006,Jordan,0.09,$2.15
2008,Jordan,0.01,$2.15
2010,Jordan,0.04,$2.15
1993,Kazakhstan,8.44,$2.15
1996,Kazakhstan,7.94,$2.15
2001,Kazakhstan,12.81,$2.15
2002,Kazakhstan,8.89,$2.15
2003,Kazakhstan,6.17,$2.15
2004,Kazakhstan,3.32,$2.15
2005,Kazakhstan,8.66,$2.15
2006,Kazakhstan,1.01,$2.15
2007,Kazakhstan,0.39,$2.15
2008,Kazakhstan,0.24,$2.15
2009,Kazakhstan,0.24,$2.15
2010,Kazakhstan,0.2,$2.15
2011,Kazakhstan,0.07,$2.15
2012,Kazakhstan,0.04,$2.15
2013,Kazakhstan,0.03,$2.15
2014,Kazakhstan,0.02,$2.15
2015,Kazakhstan,0.04,$2.15
2016,Kazakhstan,0.05,$2.15
2017,Kazakhstan,0.04,$2.15
2018,Kazakhstan,0.02,$2.15
1992,Kenya,26.45,$2.15
1994,Kenya,25.88,$2.15
1997,Kenya,25.39,$2.15
2005,Kenya,36.67,$2.15
2015,Kenya,29.37,$2.15
2006,"Korea, Rep.",0.25,$2.15
2008,"Korea, Rep.",0.24,$2.15
2010,"Korea, Rep.",0.5,$2.15
2012,"Korea, Rep.",0.25,$2.15
2014,"Korea, Rep.",0.24,$2.15
2016,"Korea, Rep.",0.23,$2.15
1981,Latin America & Caribbean,15.11,$2.15
1982,Latin America & Caribbean,15.82,$2.15
1983,Latin America & Caribbean,18.71,$2.15
1984,Latin America & Caribbean,18.45,$2.15
1985,Latin America & Caribbean,17.08,$2.15
1986,Latin America & Caribbean,12.37,$2.15
1987,Latin America & Caribbean,15.12,$2.15
1988,Latin America & Caribbean,16.14,$2.15
1989,Latin America & Caribbean,15.52,$2.15
1990,Latin America & Caribbean,16.78,$2.15
1991,Latin America & Caribbean,16.13,$2.15
1992,Latin America & Caribbean,15.91,$2.15
1993,Latin America & Caribbean,15.67,$2.15
1994,Latin America & Caribbean,14.43,$2.15
1995,Latin America & Caribbean,14.43,$2.15
1996,Latin America & Caribbean,16.16,$2.15
1997,Latin America & Caribbean,15.33,$2.15
1998,Latin America & Caribbean,14.5,$2.15
1999,Latin America & Caribbean,14.67,$2.15
2000,Latin America & Caribbean,13.52,$2.15
2001,Latin America & Caribbean,13.23,$2.15
2002,Latin America & Caribbean,12.43,$2.15
2003,Latin America & Caribbean,12.13,$2.15
2004,Latin America & Caribbean,11.04,$2.15
2005,Latin America & Caribbean,10.45,$2.15
2006,Latin America & Caribbean,8.51,$2.15
2007,Latin America & Caribbean,8.05,$2.15
2008,Latin America & Caribbean,7.5,$2.15
2009,Latin America & Caribbean,7.11,$2.15
2010,Latin America & Caribbean,6.43,$2.15
2011,Latin America & Caribbean,5.97,$2.15
2012,Latin America & Caribbean,5.07,$2.15
2013,Latin America & Caribbean,4.53,$2.15
2014,Latin America & Caribbean,4.27,$2.15
2015,Latin America & Caribbean,4.18,$2.15
2016,Latin America & Caribbean,4.4,$2.15
2017,Latin America & Caribbean,4.37,$2.15
2018,Latin America & Caribbean,4.28,$2.15
2019,Latin America & Caribbean,4.32,$2.15
2020,Latin America & Caribbean,3.94,$2.15
2021,Latin America & Caribbean,4.69,$2.15
1993,Latvia,0.02,$2.15
1995,Latvia,0.03,$2.15
1996,Latvia,1.77,$2.15
1997,Latvia,2.2,$2.15
1998,Latvia,1.76,$2.15
2002,Latvia,0.72,$2.15
2003,Latvia,0.6,$2.15
2004,Latvia,0.28,$2.15
2004,Latvia,2.49,$2.15
2005,Latvia,2.36,$2.15
2006,Latvia,1.55,$2.15
2007,Latvia,0.02,$2.15
2007,Latvia,0.64,$2.15
2008,Latvia,0.03,$2.15
2008,Latvia,1.28,$2.15
2009,Latvia,0.35,$2.15
2009,Latvia,1.7,$2.15
2010,Latvia,1.73,$2.15
2011,Latvia,1.03,$2.15
2012,Latvia,1.07,$2.15
2013,Latvia,1.17,$2.15
2014,Latvia,0.79,$2.15
2015,Latvia,0.65,$2.15
2016,Latvia,0.65,$2.15
2017,Latvia,0.8,$2.15
2018,Latvia,0.36,$2.15
2019,Latvia,0.24,$2.15
2020,Latvia,0.46,$2.15
2011,Lebanon,0,$2.15
1986,Lesotho,54.08,$2.15
1994,Lesotho,53.75,$2.15
2002,Lesotho,66.34,$2.15
2017,Lesotho,32.4,$2.15
1993,Lithuania,6.62,$2.15
1996,Lithuania,0,$2.15
1998,Lithuania,0.32,$2.15
1999,Lithuania,0.29,$2.15
2000,Lithuania,0.25,$2.15
2001,Lithuania,0.58,$2.15
2002,Lithuania,0.5,$2.15
2003,Lithuania,0.19,$2.15
2004,Lithuania,0.09,$2.15
2004,Lithuania,2.71,$2.15
2005,Lithuania,1.78,$2.15
2006,Lithuania,1.52,$2.15
2007,Lithuania,1.34,$2.15
2008,Lithuania,0.15,$2.15
2008,Lithuania,1.39,$2.15
2009,Lithuania,2.24,$2.15
2010,Lithuania,1.53,$2.15
2011,Lithuania,0.7,$2.15
2012,Lithuania,0.95,$2.15
2013,Lithuania,0.71,$2.15
2014,Lithuania,1.26,$2.15
2015,Lithuania,0.72,$2.15
2016,Lithuania,1.27,$2.15
2017,Lithuania,1.02,$2.15
2018,Lithuania,0.93,$2.15
2019,Lithuania,0.55,$2.15
2020,Lithuania,0.19,$2.15
1985,Luxembourg,0,$2.15
1991,Luxembourg,0,$2.15
1994,Luxembourg,0,$2.15
1997,Luxembourg,0,$2.15
2000,Luxembourg,0,$2.15
2003,Luxembourg,0.07,$2.15
2004,Luxembourg,0.02,$2.15
2005,Luxembourg,0.03,$2.15
2006,Luxembourg,0,$2.15
2007,Luxembourg,0.02,$2.15
2008,Luxembourg,0,$2.15
2009,Luxembourg,0.04,$2.15
2010,Luxembourg,0,$2.15
2011,Luxembourg,0.12,$2.15
2012,Luxembourg,0.04,$2.15
2013,Luxembourg,0.09,$2.15
2014,Luxembourg,0.14,$2.15
2015,Luxembourg,0.3,$2.15
2016,Luxembourg,0.12,$2.15
2017,Luxembourg,0.28,$2.15
2018,Luxembourg,0.28,$2.15
2019,Luxembourg,0.1,$2.15
2020,Luxembourg,0,$2.15
1980,Madagascar,48.7,$2.15
1993,Madagascar,73.25,$2.15
1997,Madagascar,69.37,$2.15
1999,Madagascar,66.87,$2.15
2001,Madagascar,71,$2.15
2005,Madagascar,74.22,$2.15
2010,Madagascar,80.15,$2.15
2012,Madagascar,80.73,$2.15
1997,Malawi,58.45,$2.15
2004,Malawi,68.86,$2.15
2010,Malawi,68.42,$2.15
2016,Malawi,65.74,$2.15
2019,Malawi,70.06,$2.15
1984,Malaysia,3.6,$2.15
1987,Malaysia,2.87,$2.15
1989,Malaysia,2.24,$2.15
1992,Malaysia,2.04,$2.15
1995,Malaysia,2.48,$2.15
1997,Malaysia,0.72,$2.15
2003,Malaysia,1.57,$2.15
2006,Malaysia,0.77,$2.15
2008,Malaysia,0.7,$2.15
2011,Malaysia,0.14,$2.15
2013,Malaysia,0.03,$2.15
2015,Malaysia,0.02,$2.15
2018,Malaysia,0.01,$2.15
2002,Maldives,6.61,$2.15
2009,Maldives,3.77,$2.15
2016,Maldives,0,$2.15
2019,Maldives,0,$2.15
1994,Mali,84.5,$2.15
2001,Mali,57.15,$2.15
2006,Mali,49.68,$2.15
2009,Mali,48.17,$2.15
2018,Mali,14.79,$2.15
2006,Malta,0.51,$2.15
2007,Malta,0.41,$2.15
2008,Malta,0.11,$2.15
2009,Malta,0.43,$2.15
2010,Malta,0.22,$2.15
2011,Malta,0.19,$2.15
2012,Malta,0.12,$2.15
2013,Malta,0.03,$2.15
2014,Malta,0,$2.15
2015,Malta,0.08,$2.15
2016,Malta,0.09,$2.15
2017,Malta,0.16,$2.15
2018,Malta,0.1,$2.15
2019,Malta,0.3,$2.15
2020,Malta,0.26,$2.15
1987,Mauritania,41.37,$2.15
1993,Mauritania,42.85,$2.15
1995,Mauritania,21.83,$2.15
2000,Mauritania,21.49,$2.15
2004,Mauritania,18.13,$2.15
2008,Mauritania,11.84,$2.15
2014,Mauritania,6.49,$2.15
2006,Mauritius,0.31,$2.15
2012,Mauritius,0.41,$2.15
2017,Mauritius,0.13,$2.15
1984,Mexico,8.31,$2.15
1989,Mexico,9.05,$2.15
1992,Mexico,7.38,$2.15
1994,Mexico,7.31,$2.15
1996,Mexico,18.1,$2.15
1998,Mexico,12.9,$2.15
2000,Mexico,8.92,$2.15
2002,Mexico,6.59,$2.15
2004,Mexico,5.95,$2.15
2005,Mexico,6.54,$2.15
2006,Mexico,4.15,$2.15
2008,Mexico,5.36,$2.15
2010,Mexico,4.52,$2.15
2012,Mexico,3.84,$2.15
2014,Mexico,3.71,$2.15
2016,Mexico,3.21,$2.15
2018,Mexico,2.63,$2.15
2020,Mexico,3.1,$2.15
2000,"Micronesia, Fed. Sts.",43.45,$2.15
2005,"Micronesia, Fed. Sts.",8.56,$2.15
2013,"Micronesia, Fed. Sts.",16.03,$2.15
1995,Mongolia,14.91,$2.15
1998,Mongolia,28.45,$2.15
2002,Mongolia,11.61,$2.15
2007,Mongolia,1.7,$2.15
2010,Mongolia,1.14,$2.15
2011,Mongolia,0.86,$2.15
2012,Mongolia,0.47,$2.15
2014,Mongolia,0.33,$2.15
2016,Mongolia,0.71,$2.15
2018,Mongolia,0.71,$2.15
2005,Montenegro,0.23,$2.15
2006,Montenegro,0,$2.15
2007,Montenegro,0.36,$2.15
2008,Montenegro,0.09,$2.15
2009,Montenegro,0,$2.15
2010,Montenegro,0,$2.15
2011,Montenegro,0.21,$2.15
2012,Montenegro,1.26,$2.15
2012,Montenegro,3.03,$2.15
2013,Montenegro,1.04,$2.15
2013,Montenegro,3.03,$2.15
2014,Montenegro,0,$2.15
2014,Montenegro,1.63,$2.15
2015,Montenegro,1.35,$2.15
2016,Montenegro,2.47,$2.15
2017,Montenegro,3.31,$2.15
2018,Montenegro,2.84,$2.15
1984,Morocco,13.2,$2.15
1990,Morocco,4.73,$2.15
1998,Morocco,8.38,$2.15
2000,Morocco,7.93,$2.15
2006,Morocco,4.24,$2.15
2013,Morocco,1.44,$2.15
1996,Mozambique,82.68,$2.15
2002,Mozambique,80.59,$2.15
2008,Mozambique,70.8,$2.15
2014,Mozambique,64.64,$2.15
2015,Myanmar,6.22,$2.15
2017,Myanmar,1.99,$2.15
1993,Namibia,53.52,$2.15
2003,Namibia,35.86,$2.15
2009,Namibia,26.94,$2.15
2015,Namibia,15.62,$2.15
1984,Nepal,68.46,$2.15
1995,Nepal,55.16,$2.15
2003,Nepal,40.31,$2.15
2010,Nepal,8.24,$2.15
1983,Netherlands,0.46,$2.15
1987,Netherlands,0.25,$2.15
1990,Netherlands,0.95,$2.15
1993,Netherlands,1.25,$2.15
1999,Netherlands,0.2,$2.15
2004,Netherlands,0.24,$2.15
2005,Netherlands,0.15,$2.15
2006,Netherlands,0.05,$2.15
2007,Netherlands,0.03,$2.15
2008,Netherlands,0.13,$2.15
2009,Netherlands,0.11,$2.15
2010,Netherlands,0.05,$2.15
2011,Netherlands,0.1,$2.15
2012,Netherlands,0.08,$2.15
2013,Netherlands,0.09,$2.15
2014,Netherlands,0.06,$2.15
2015,Netherlands,0.06,$2.15
2016,Netherlands,0.05,$2.15
2017,Netherlands,0.19,$2.15
2018,Netherlands,0.1,$2.15
2019,Netherlands,0.1,$2.15
2020,Netherlands,0.03,$2.15
1993,Nicaragua,23.04,$2.15
1993,Nicaragua,38.31,$2.15
1998,Nicaragua,17.56,$2.15
1998,Nicaragua,25.76,$2.15
2001,Nicaragua,18.79,$2.15
2001,Nicaragua,17.81,$2.15
2005,Nicaragua,17.26,$2.15
2005,Nicaragua,9.1,$2.15
2009,Nicaragua,8.28,$2.15
2014,Nicaragua,3.94,$2.15
1992,Niger,84.36,$2.15
1994,Niger,85.52,$2.15
2005,Niger,80.5,$2.15
2007,Niger,78.89,$2.15
2011,Niger,60.56,$2.15
2014,Niger,53.56,$2.15
2018,Niger,50.63,$2.15
1985,Nigeria,47.82,$2.15
1992,Nigeria,52.35,$2.15
1996,Nigeria,58.42,$2.15
2003,Nigeria,47.88,$2.15
2010,Nigeria,34.89,$2.15
2012,Nigeria,33.83,$2.15
2015,Nigeria,32.26,$2.15
2018,Nigeria,30.86,$2.15
1998,North Macedonia,1.14,$2.15
2000,North Macedonia,5.22,$2.15
2002,North Macedonia,1.46,$2.15
2003,North Macedonia,1.24,$2.15
2004,North Macedonia,0.77,$2.15
2005,North Macedonia,1.5,$2.15
2006,North Macedonia,2.84,$2.15
2008,North Macedonia,0.64,$2.15
2009,North Macedonia,9.77,$2.15
2010,North Macedonia,10.45,$2.15
2011,North Macedonia,9.09,$2.15
2012,North Macedonia,6.91,$2.15
2013,North Macedonia,5.23,$2.15
2014,North Macedonia,4.52,$2.15
2015,North Macedonia,5.5,$2.15
2016,North Macedonia,4.24,$2.15
2017,North Macedonia,4.49,$2.15
2018,North Macedonia,3.4,$2.15
2019,North Macedonia,2.66,$2.15
1979,Norway,0.23,$2.15
1986,Norway,0.24,$2.15
1991,Norway,0.48,$2.15
1995,Norway,0.49,$2.15
2000,Norway,0.24,$2.15
2003,Norway,0.2,$2.15
2004,Norway,0.26,$2.15
2005,Norway,0.2,$2.15
2006,Norway,0.13,$2.15
2007,Norway,0.13,$2.15
2008,Norway,0.23,$2.15
2009,Norway,0.09,$2.15
2010,Norway,0.15,$2.15
2011,Norway,0.1,$2.15
2012,Norway,0.12,$2.15
2013,Norway,0.13,$2.15
2014,Norway,0.11,$2.15
2015,Norway,0.17,$2.15
2016,Norway,0.28,$2.15
2017,Norway,0.29,$2.15
2018,Norway,0.25,$2.15
2019,Norway,0.16,$2.15
1987,Pakistan,67.34,$2.15
1990,Pakistan,65.11,$2.15
1996,Pakistan,22.29,$2.15
1998,Pakistan,29.78,$2.15
2001,Pakistan,33.28,$2.15
2004,Pakistan,20.2,$2.15
2005,Pakistan,20.3,$2.15
2007,Pakistan,14.9,$2.15
2010,Pakistan,9.38,$2.15
2011,Pakistan,9.59,$2.15
2013,Pakistan,7.36,$2.15
2015,Pakistan,5.11,$2.15
2018,Pakistan,4.93,$2.15
1979,Panama,6.25,$2.15
1989,Panama,22.48,$2.15
1991,Panama,20.11,$2.15
1995,Panama,15.48,$2.15
1997,Panama,14.22,$2.15
1998,Panama,14.46,$2.15
1999,Panama,12.28,$2.15
2000,Panama,11.07,$2.15
2001,Panama,14.06,$2.15
2002,Panama,9.56,$2.15
2003,Panama,9.92,$2.15
2004,Panama,8.79,$2.15
2005,Panama,8.56,$2.15
2006,Panama,9.39,$2.15
2007,Panama,6.67,$2.15
2008,Panama,4.07,$2.15
2009,Panama,2.53,$2.15
2010,Panama,3.39,$2.15
2011,Panama,2.45,$2.15
2012,Panama,3.47,$2.15
2013,Panama,2.24,$2.15
2014,Panama,2.89,$2.15
2015,Panama,1.51,$2.15
2016,Panama,1.52,$2.15
2017,Panama,2.1,$2.15
2018,Panama,1.41,$2.15
2019,Panama,1,$2.15
2021,Panama,1.11,$2.15
1996,Papua New Guinea,52.64,$2.15
2009,Papua New Guinea,39.68,$2.15
1990,Paraguay,1.19,$2.15
1995,Paraguay,12.4,$2.15
1997,Paraguay,10.55,$2.15
1999,Paraguay,10.21,$2.15
2001,Paraguay,8.94,$2.15
2002,Paraguay,13.24,$2.15
2003,Paraguay,8.3,$2.15
2004,Paraguay,5.71,$2.15
2005,Paraguay,6.07,$2.15
2006,Paraguay,7.95,$2.15
2007,Paraguay,7.84,$2.15
2008,Paraguay,4.32,$2.15
2009,Paraguay,5.77,$2.15
2010,Paraguay,5.46,$2.15
2011,Paraguay,5.05,$2.15
2012,Paraguay,3.33,$2.15
2013,Paraguay,1.79,$2.15
2014,Paraguay,2.41,$2.15
2015,Paraguay,1.89,$2.15
2016,Paraguay,1.69,$2.15
2017,Paraguay,0.98,$2.15
2018,Paraguay,1.41,$2.15
2019,Paraguay,1.01,$2.15
2020,Paraguay,0.81,$2.15
2021,Paraguay,0.69,$2.15
1985,Peru,3.52,$2.15
1994,Peru,17.41,$2.15
1997,Peru,19.84,$2.15
1998,Peru,19.45,$2.15
1999,Peru,19.34,$2.15
2000,Peru,19.27,$2.15
2001,Peru,20.25,$2.15
2002,Peru,17.55,$2.15
2003,Peru,14.66,$2.15
2004,Peru,16.31,$2.15
2005,Peru,17.81,$2.15
2006,Peru,15.6,$2.15
2007,Peru,13.22,$2.15
2008,Peru,10.92,$2.15
2009,Peru,8.81,$2.15
2010,Peru,6.82,$2.15
2011,Peru,6.5,$2.15
2012,Peru,6.08,$2.15
2013,Peru,5.4,$2.15
2014,Peru,4.82,$2.15
2015,Peru,4.72,$2.15
2016,Peru,4.6,$2.15
2017,Peru,4.5,$2.15
2018,Peru,3.58,$2.15
2019,Peru,3,$2.15
2020,Peru,5.88,$2.15
2021,Peru,2.87,$2.15
1985,Philippines,28.73,$2.15
1988,Philippines,25.76,$2.15
1991,Philippines,27.2,$2.15
1994,Philippines,25.58,$2.15
1997,Philippines,18.16,$2.15
2000,Philippines,15.03,$2.15
2000,Philippines,14.45,$2.15
2003,Philippines,13.63,$2.15
2003,Philippines,13.6,$2.15
2006,Philippines,15.3,$2.15
2006,Philippines,14.94,$2.15
2009,Philippines,11.13,$2.15
2009,Philippines,11.29,$2.15
2012,Philippines,12.49,$2.15
2012,Philippines,10.94,$2.15
2015,Philippines,8.29,$2.15
2015,Philippines,6.49,$2.15
2018,Philippines,5.06,$2.15
2018,Philippines,3,$2.15
2021,Philippines,6.75,$2.15
2021,Philippines,2.99,$2.15
1985,Poland,0.2,$2.15
1986,Poland,0.25,$2.15
1987,Poland,0.15,$2.15
1989,Poland,0.09,$2.15
1992,Poland,0.22,$2.15
1993,Poland,0.17,$2.15
1995,Poland,1.74,$2.15
1996,Poland,3,$2.15
1998,Poland,0.03,$2.15
1999,Poland,0.5,$2.15
1999,Poland,0.07,$2.15
2000,Poland,0.14,$2.15
2001,Poland,0.09,$2.15
2002,Poland,0.08,$2.15
2003,Poland,0.08,$2.15
2004,Poland,0.11,$2.15
2004,Poland,2.17,$2.15
2005,Poland,0.18,$2.15
2005,Poland,0.92,$2.15
2006,Poland,0.04,$2.15
2006,Poland,0.66,$2.15
2007,Poland,0.03,$2.15
2007,Poland,0.47,$2.15
2008,Poland,0.01,$2.15
2008,Poland,0.18,$2.15
2009,Poland,0.02,$2.15
2009,Poland,0.37,$2.15
2010,Poland,0.01,$2.15
2010,Poland,0.35,$2.15
2011,Poland,0.03,$2.15
2011,Poland,0.34,$2.15
2012,Poland,0.02,$2.15
2012,Poland,0.2,$2.15
2013,Poland,0.01,$2.15
2013,Poland,0.42,$2.15
2014,Poland,0.01,$2.15
2014,Poland,0.4,$2.15
2015,Poland,0,$2.15
2015,Poland,0.43,$2.15
2016,Poland,0,$2.15
2016,Poland,0.24,$2.15
2017,Poland,0,$2.15
2017,Poland,0.35,$2.15
2018,Poland,0.01,$2.15
2018,Poland,0.25,$2.15
2019,Poland,0,$2.15
2019,Poland,0.06,$2.15
2003,Portugal,0.9,$2.15
2004,Portugal,0.54,$2.15
2005,Portugal,0.54,$2.15
2006,Portugal,0.09,$2.15
2007,Portugal,0.26,$2.15
2008,Portugal,0.14,$2.15
2009,Portugal,0.17,$2.15
2010,Portugal,0.14,$2.15
2011,Portugal,0.51,$2.15
2012,Portugal,0.7,$2.15
2013,Portugal,0.86,$2.15
2014,Portugal,0.55,$2.15
2015,Portugal,0.48,$2.15
2016,Portugal,0.37,$2.15
2017,Portugal,0.41,$2.15
2018,Portugal,0.29,$2.15
2019,Portugal,0.15,$2.15
2020,Portugal,0.47,$2.15
1989,Romania,0.28,$2.15
1992,Romania,0.55,$2.15
1994,Romania,8.91,$2.15
1995,Romania,1.75,$2.15
1997,Romania,2.25,$2.15
1998,Romania,1.66,$2.15
1999,Romania,5.33,$2.15
2000,Romania,6.22,$2.15
2001,Romania,4.44,$2.15
2002,Romania,4.59,$2.15
2003,Romania,3.18,$2.15
2004,Romania,2.24,$2.15
2005,Romania,1.77,$2.15
2006,Romania,1.93,$2.15
2006,Romania,7.36,$2.15
2007,Romania,0.86,$2.15
2007,Romania,5.31,$2.15
2008,Romania,0,$2.15
2008,Romania,4.09,$2.15
2009,Romania,0,$2.15
2009,Romania,3.13,$2.15
2010,Romania,0,$2.15
2010,Romania,4.17,$2.15
2011,Romania,0,$2.15
2011,Romania,5.38,$2.15
2012,Romania,0,$2.15
2012,Romania,6.21,$2.15
2013,Romania,0,$2.15
2013,Romania,6.62,$2.15
2014,Romania,7.02,$2.15
2015,Romania,5.27,$2.15
2016,Romania,0,$2.15
2016,Romania,3.24,$2.15
2017,Romania,3.27,$2.15
2018,Romania,0,$2.15
2018,Romania,2.67,$2.15
2019,Romania,2.16,$2.15
2020,Romania,1.41,$2.15
1993,Russian Federation,3.53,$2.15
1996,Russian Federation,4.66,$2.15
1997,Russian Federation,1.52,$2.15
1998,Russian Federation,2.28,$2.15
1999,Russian Federation,4.39,$2.15
2000,Russian Federation,2.98,$2.15
2001,Russian Federation,1.76,$2.15
2002,Russian Federation,1.01,$2.15
2003,Russian Federation,1.09,$2.15
2004,Russian Federation,1,$2.15
2005,Russian Federation,0.77,$2.15
2006,Russian Federation,0.44,$2.15
2007,Russian Federation,0.2,$2.15
2008,Russian Federation,0.09,$2.15
2009,Russian Federation,0.07,$2.15
2010,Russian Federation,0.08,$2.15
2011,Russian Federation,0.04,$2.15
2012,Russian Federation,0.03,$2.15
2013,Russian Federation,0.01,$2.15
2014,Russian Federation,0.02,$2.15
2014,Russian Federation,0.31,$2.15
2015,Russian Federation,0.04,$2.15
2015,Russian Federation,0.29,$2.15
2016,Russian Federation,0.03,$2.15
2016,Russian Federation,0.25,$2.15
2017,Russian Federation,0.03,$2.15
2017,Russian Federation,0.27,$2.15
2018,Russian Federation,0.03,$2.15
2018,Russian Federation,0.15,$2.15
2019,Russian Federation,0.03,$2.15
2020,Russian Federation,0.01,$2.15
1984,Rwanda,58.59,$2.15
2000,Rwanda,75.21,$2.15
2005,Rwanda,66.05,$2.15
2010,Rwanda,59.21,$2.15
2013,Rwanda,53.75,$2.15
2016,Rwanda,52.01,$2.15
2002,Samoa,2.18,$2.15
2008,Samoa,1.05,$2.15
2013,Samoa,1.15,$2.15
1991,Senegal,70.1,$2.15
1994,Senegal,60.25,$2.15
2001,Senegal,52.44,$2.15
2005,Senegal,41.06,$2.15
2011,Senegal,40.98,$2.15
2018,Senegal,9.34,$2.15
2002,Serbia,0.13,$2.15
2003,Serbia,0.38,$2.15
2004,Serbia,0.8,$2.15
2005,Serbia,0.79,$2.15
2006,Serbia,0.47,$2.15
2007,Serbia,0.37,$2.15
2008,Serbia,0.11,$2.15
2009,Serbia,0.14,$2.15
2010,Serbia,0.1,$2.15
2012,Serbia,5.34,$2.15
2013,Serbia,0.23,$2.15
2013,Serbia,5.84,$2.15
2014,Serbia,6.92,$2.15
2015,Serbia,0.07,$2.15
2015,Serbia,6.65,$2.15
2016,Serbia,6.36,$2.15
2017,Serbia,5.39,$2.15
2018,Serbia,0.04,$2.15
2018,Serbia,2.92,$2.15
2019,Serbia,0.05,$2.15
2019,Serbia,2.33,$2.15
2020,Serbia,1.56,$2.15
1999,Seychelles,0.76,$2.15
2006,Seychelles,0.37,$2.15
2013,Seychelles,1.24,$2.15
2018,Seychelles,0.51,$2.15
1989,Sierra Leone,67.11,$2.15
2003,Sierra Leone,61.33,$2.15
2011,Sierra Leone,38.7,$2.15
2018,Sierra Leone,26.06,$2.15
1987,Slovenia,0.02,$2.15
1993,Slovenia,0.04,$2.15
1997,Slovenia,0,$2.15
1998,Slovenia,0.03,$2.15
1999,Slovenia,0,$2.15
2002,Slovenia,0,$2.15
2003,Slovenia,0,$2.15
2004,Slovenia,0.03,$2.15
2005,Slovenia,0.1,$2.15
2006,Slovenia,0.05,$2.15
2007,Slovenia,0.03,$2.15
2008,Slovenia,0,$2.15
2009,Slovenia,0,$2.15
2010,Slovenia,0.01,$2.15
2011,Slovenia,0,$2.15
2012,Slovenia,0.03,$2.15
2013,Slovenia,0.02,$2.15
2014,Slovenia,0,$2.15
2015,Slovenia,0,$2.15
2016,Slovenia,0,$2.15
2017,Slovenia,0,$2.15
2018,Slovenia,0,$2.15
2019,Slovenia,0,$2.15
2020,Slovenia,0,$2.15
2005,Solomon Islands,50.62,$2.15
2012,Solomon Islands,26.56,$2.15
1993,South Africa,33.54,$2.15
2000,South Africa,36.83,$2.15
2005,South Africa,28.33,$2.15
2008,South Africa,18.66,$2.15
2010,South Africa,18.04,$2.15
2014,South Africa,20.49,$2.15
2009,South Sudan,34.54,$2.15
2009,South Sudan,34.54,$2.15
2016,South Sudan,67.33,$2.15
2016,South Sudan,67.33,$2.15
1980,Spain,0.5,$2.15
1985,Spain,0.24,$2.15
1990,Spain,0.49,$2.15
1995,Spain,1.24,$2.15
2000,Spain,0.49,$2.15
2003,Spain,0.81,$2.15
2004,Spain,0.82,$2.15
2005,Spain,0.74,$2.15
2006,Spain,0.77,$2.15
2007,Spain,0.36,$2.15
2008,Spain,0.49,$2.15
2009,Spain,0.81,$2.15
2010,Spain,0.68,$2.15
2011,Spain,1.13,$2.15
2012,Spain,0.94,$2.15
2013,Spain,1.14,$2.15
2014,Spain,0.79,$2.15
2015,Spain,0.9,$2.15
2016,Spain,1.13,$2.15
2017,Spain,0.68,$2.15
2018,Spain,0.84,$2.15
2019,Spain,0.79,$2.15
2020,Spain,0.89,$2.15
1985,Sri Lanka,16.95,$2.15
1990,Sri Lanka,11.62,$2.15
1995,Sri Lanka,11.78,$2.15
2002,Sri Lanka,11.02,$2.15
2006,Sri Lanka,5.63,$2.15
2009,Sri Lanka,3.5,$2.15
2012,Sri Lanka,2.59,$2.15
2016,Sri Lanka,1.3,$2.15
2019,Sri Lanka,0.96,$2.15
1999,Suriname,18.42,$2.15
1975,Sweden,0.5,$2.15
1981,Sweden,0.25,$2.15
1987,Sweden,0.25,$2.15
1992,Sweden,0.24,$2.15
1995,Sweden,0.25,$2.15
2000,Sweden,0,$2.15
2003,Sweden,0.32,$2.15
2004,Sweden,0.4,$2.15
2005,Sweden,1.08,$2.15
2006,Sweden,0.36,$2.15
2007,Sweden,0.41,$2.15
2008,Sweden,0.58,$2.15
2009,Sweden,0.46,$2.15
2010,Sweden,0.55,$2.15
2011,Sweden,0.62,$2.15
2012,Sweden,0.46,$2.15
2013,Sweden,0.65,$2.15
2014,Sweden,0.47,$2.15
2015,Sweden,0.57,$2.15
2016,Sweden,0.26,$2.15
2017,Sweden,0.25,$2.15
2018,Sweden,0.73,$2.15
2019,Sweden,0.32,$2.15
2020,Sweden,0.39,$2.15
1982,Switzerland,0.7,$2.15
1992,Switzerland,0.49,$2.15
2000,Switzerland,0,$2.15
2002,Switzerland,0,$2.15
2006,Switzerland,0.05,$2.15
2007,Switzerland,0.02,$2.15
2008,Switzerland,0.07,$2.15
2009,Switzerland,0.04,$2.15
2010,Switzerland,0.05,$2.15
2011,Switzerland,0,$2.15
2012,Switzerland,0.01,$2.15
2013,Switzerland,0.04,$2.15
2014,Switzerland,0.03,$2.15
2015,Switzerland,0.03,$2.15
2016,Switzerland,0.03,$2.15
2017,Switzerland,0,$2.15
2018,Switzerland,0.03,$2.15
1981,"Taiwan, China",0,$2.15
1986,"Taiwan, China",0,$2.15
1991,"Taiwan, China",0,$2.15
1995,"Taiwan, China",0.5,$2.15
1997,"Taiwan, China",0,$2.15
2000,"Taiwan, China",0,$2.15
2005,"Taiwan, China",0,$2.15
2007,"Taiwan, China",0,$2.15
2010,"Taiwan, China",0.24,$2.15
2013,"Taiwan, China",0,$2.15
2016,"Taiwan, China",0,$2.15
1999,Tajikistan,61.96,$2.15
2003,Tajikistan,36.75,$2.15
2004,Tajikistan,21.36,$2.15
2007,Tajikistan,12.8,$2.15
2009,Tajikistan,6.79,$2.15
2015,Tajikistan,6.11,$2.15
1981,Thailand,22.73,$2.15
1988,Thailand,18.05,$2.15
1990,Thailand,12.35,$2.15
1992,Thailand,9,$2.15
1994,Thailand,4.5,$2.15
1996,Thailand,3.09,$2.15
1998,Thailand,2.18,$2.15
1999,Thailand,3.95,$2.15
2000,Thailand,3.97,$2.15
2002,Thailand,1.76,$2.15
2004,Thailand,1.19,$2.15
2006,Thailand,0.93,$2.15
2007,Thailand,0.54,$2.15
2008,Thailand,0.3,$2.15
2009,Thailand,0.25,$2.15
2010,Thailand,0.27,$2.15
2011,Thailand,0.07,$2.15
2012,Thailand,0.12,$2.15
2013,Thailand,0.06,$2.15
2014,Thailand,0.09,$2.15
2015,Thailand,0.05,$2.15
2016,Thailand,0.04,$2.15
2017,Thailand,0.04,$2.15
2018,Thailand,0.03,$2.15
2019,Thailand,0.1,$2.15
2020,Thailand,0.05,$2.15
2021,Thailand,0.01,$2.15
2006,Togo,60.97,$2.15
2011,Togo,58.89,$2.15
2015,Togo,54.69,$2.15
2018,Togo,28.07,$2.15
2000,Tonga,3.09,$2.15
2009,Tonga,1.26,$2.15
2015,Tonga,1.79,$2.15
1988,Trinidad and Tobago,0,$2.15
1992,Trinidad and Tobago,2.08,$2.15
1985,Tunisia,12.29,$2.15
1990,Tunisia,8.55,$2.15
1995,Tunisia,9.48,$2.15
2000,Tunisia,4.38,$2.15
2005,Tunisia,2.57,$2.15
2010,Tunisia,1.5,$2.15
2015,Tunisia,0.14,$2.15
1998,Turkmenistan,43.12,$2.15
1989,Uganda,59.4,$2.15
1992,Uganda,65.86,$2.15
1996,Uganda,64.93,$2.15
1999,Uganda,68.67,$2.15
2002,Uganda,66.7,$2.15
2005,Uganda,58.03,$2.15
2009,Uganda,46.72,$2.15
2012,Uganda,37.54,$2.15
2016,Uganda,42.73,$2.15
2019,Uganda,42.21,$2.15
1992,Ukraine,3.91,$2.15
1993,Ukraine,1.95,$2.15
1995,Ukraine,7.1,$2.15
1996,Ukraine,7.21,$2.15
1999,Ukraine,11.73,$2.15
2002,Ukraine,2.66,$2.15
2003,Ukraine,1.14,$2.15
2004,Ukraine,0.93,$2.15
2005,Ukraine,0.4,$2.15
2006,Ukraine,0.16,$2.15
2007,Ukraine,0.1,$2.15
2008,Ukraine,0.03,$2.15
2009,Ukraine,0.07,$2.15
2010,Ukraine,0.01,$2.15
2011,Ukraine,0.01,$2.15
2012,Ukraine,0.11,$2.15
2013,Ukraine,0,$2.15
2014,Ukraine,0.01,$2.15
2015,Ukraine,0.12,$2.15
2016,Ukraine,0.1,$2.15
2017,Ukraine,0.03,$2.15
2018,Ukraine,0.01,$2.15
2019,Ukraine,0,$2.15
2020,Ukraine,0.03,$2.15
2013,United Arab Emirates,0,$2.15
2018,United Arab Emirates,0,$2.15
1981,Uruguay,0,$2.15
1989,Uruguay,0.68,$2.15
1992,Uruguay,0.56,$2.15
1995,Uruguay,0.53,$2.15
1996,Uruguay,0.59,$2.15
1997,Uruguay,0.57,$2.15
1998,Uruguay,0.64,$2.15
2000,Uruguay,0.66,$2.15
2001,Uruguay,0.5,$2.15
2002,Uruguay,0.63,$2.15
2003,Uruguay,0.81,$2.15
2004,Uruguay,1.03,$2.15
2005,Uruguay,0.86,$2.15
2006,Uruguay,0.56,$2.15
2007,Uruguay,0.38,$2.15
2008,Uruguay,0.23,$2.15
2009,Uruguay,0.28,$2.15
2010,Uruguay,0.17,$2.15
2011,Uruguay,0.14,$2.15
2012,Uruguay,0.17,$2.15
2013,Uruguay,0.17,$2.15
2014,Uruguay,0.15,$2.15
2015,Uruguay,0.15,$2.15
2016,Uruguay,0.09,$2.15
2017,Uruguay,0.07,$2.15
2018,Uruguay,0.06,$2.15
2019,Uruguay,0.1,$2.15
2020,Uruguay,0.21,$2.15
2021,Uruguay,0.11,$2.15
1998,Uzbekistan,58.81,$2.15
2000,Uzbekistan,81.34,$2.15
2002,Uzbekistan,80.47,$2.15
2003,Uzbekistan,81.5,$2.15
1998,"Yemen, Rep.",8.1,$2.15
2005,"Yemen, Rep.",10.54,$2.15
2014,"Yemen, Rep.",19.8,$2.15
1991,Zambia,57.44,$2.15
1993,Zambia,59.06,$2.15
1996,Zambia,46.77,$2.15
1998,Zambia,47.23,$2.15
2002,Zambia,56.39,$2.15
2004,Zambia,61.06,$2.15
2006,Zambia,64.7,$2.15
2010,Zambia,68.46,$2.15
2015,Zambia,61.35,$2.15
2011,Zimbabwe,21.58,$2.15
2017,Zimbabwe,34.21,$2.15
2019,Zimbabwe,39.75,$2.15
