Year,Region,Watts Index,Poverty Line
1996,Albania,0,$2.15
2002,Albania,0,$2.15
2005,Albania,0,$2.15
2008,Albania,0,$2.15
2012,Albania,0,$2.15
2014,Albania,0,$2.15
2015,Albania,0,$2.15
2016,Albania,0,$2.15
2016,Albania,0.03,$2.15
2017,Albania,0,$2.15
2017,Albania,0.03,$2.15
2018,Albania,0,$2.15
2018,Albania,0.02,$2.15
2019,Albania,0,$2.15
2020,Albania,0,$2.15
1988,Algeria,0.01,$2.15
1995,Algeria,0.01,$2.15
2011,Algeria,0,$2.15
2000,Angola,0.15,$2.15
2008,Angola,0.05,$2.15
2018,Angola,0.18,$2.15
1980,Argentina,0,$2.15
1986,Argentina,0,$2.15
1987,Argentina,0,$2.15
1991,Argentina,0,$2.15
1992,Argentina,0,$2.15
1993,Argentina,0,$2.15
1994,Argentina,0,$2.15
1995,Argentina,0.01,$2.15
1996,Argentina,0.01,$2.15
1997,Argentina,0.01,$2.15
1998,Argentina,0.01,$2.15
1999,Argentina,0.01,$2.15
2000,Argentina,0.02,$2.15
2001,Argentina,0.03,$2.15
2002,Argentina,0.05,$2.15
2003,Argentina,0.02,$2.15
2004,Argentina,0.01,$2.15
2005,Argentina,0.01,$2.15
2006,Argentina,0.01,$2.15
2007,Argentina,0.01,$2.15
2008,Argentina,0.01,$2.15
2009,Argentina,0,$2.15
2010,Argentina,0,$2.15
2011,Argentina,0,$2.15
2012,Argentina,0,$2.15
2013,Argentina,0,$2.15
2014,Argentina,0,$2.15
2016,Argentina,0,$2.15
2017,Argentina,0,$2.15
2018,Argentina,0,$2.15
2019,Argentina,0,$2.15
2020,Argentina,0,$2.15
2021,Argentina,0,$2.15
1996,Armenia,0.05,$2.15
1999,Armenia,0.04,$2.15
2001,Armenia,0.04,$2.15
2002,Armenia,0.03,$2.15
2003,Armenia,0.01,$2.15
2004,Armenia,0.02,$2.15
2005,Armenia,0.01,$2.15
2006,Armenia,0,$2.15
2007,Armenia,0,$2.15
2008,Armenia,0,$2.15
2009,Armenia,0,$2.15
2010,Armenia,0,$2.15
2011,Armenia,0,$2.15
2012,Armenia,0,$2.15
2013,Armenia,0,$2.15
2014,Armenia,0,$2.15
2015,Armenia,0,$2.15
2016,Armenia,0,$2.15
2017,Armenia,0,$2.15
2018,Armenia,0,$2.15
2019,Armenia,0,$2.15
2020,Armenia,0,$2.15
2021,Armenia,0,$2.15
1981,Australia,0.01,$2.15
1985,Australia,0.01,$2.15
1989,Australia,0.02,$2.15
1995,Australia,0.01,$2.15
2001,Australia,0.01,$2.15
2003,Australia,0.02,$2.15
2004,Australia,0.02,$2.15
2008,Australia,0.01,$2.15
2010,Australia,0.01,$2.15
2014,Australia,0.02,$2.15
2016,Australia,0.01,$2.15
2018,Australia,0.01,$2.15
1994,Austria,0,$2.15
1995,Austria,0,$2.15
1996,Austria,0,$2.15
1997,Austria,0,$2.15
1998,Austria,0,$2.15
1999,Austria,0,$2.15
2000,Austria,0,$2.15
2003,Austria,0.01,$2.15
2004,Austria,0,$2.15
2005,Austria,0,$2.15
2006,Austria,0,$2.15
2007,Austria,0.01,$2.15
2008,Austria,0,$2.15
2009,Austria,0.02,$2.15
2010,Austria,0.01,$2.15
2011,Austria,0.01,$2.15
2012,Austria,0.01,$2.15
2013,Austria,0,$2.15
2014,Austria,0,$2.15
2015,Austria,0.01,$2.15
2016,Austria,0.01,$2.15
2017,Austria,0.01,$2.15
2018,Austria,0.01,$2.15
2019,Austria,0.01,$2.15
2020,Austria,0.01,$2.15
1995,Azerbaijan,0.05,$2.15
2001,Azerbaijan,0.01,$2.15
2002,Azerbaijan,0,$2.15
2003,Azerbaijan,0,$2.15
2004,Azerbaijan,0,$2.15
2005,Azerbaijan,0,$2.15
1983,Bangladesh,0.12,$2.15
1985,Bangladesh,0.08,$2.15
1988,Bangladesh,0.13,$2.15
1991,Bangladesh,0.13,$2.15
1995,Bangladesh,0.09,$2.15
2000,Bangladesh,0.09,$2.15
2005,Bangladesh,0.05,$2.15
2010,Bangladesh,0.04,$2.15
2016,Bangladesh,0.03,$2.15
1993,Belarus,0,$2.15
1995,Belarus,0,$2.15
1998,Belarus,0.07,$2.15
1999,Belarus,0.07,$2.15
2000,Belarus,0.05,$2.15
2001,Belarus,0.02,$2.15
2002,Belarus,0.01,$2.15
2003,Belarus,0.01,$2.15
2004,Belarus,0,$2.15
2005,Belarus,0,$2.15
2006,Belarus,0,$2.15
2007,Belarus,0,$2.15
2008,Belarus,0,$2.15
2009,Belarus,0,$2.15
2010,Belarus,0,$2.15
2011,Belarus,0,$2.15
2012,Belarus,0,$2.15
2013,Belarus,0,$2.15
2014,Belarus,0,$2.15
2015,Belarus,0,$2.15
2016,Belarus,0,$2.15
2017,Belarus,0,$2.15
2018,Belarus,0,$2.15
2019,Belarus,0,$2.15
2020,Belarus,0,$2.15
1985,Belgium,0,$2.15
1988,Belgium,0.01,$2.15
1992,Belgium,0,$2.15
1995,Belgium,0,$2.15
1997,Belgium,0.01,$2.15
2000,Belgium,0.01,$2.15
2003,Belgium,0,$2.15
2004,Belgium,0,$2.15
2005,Belgium,0,$2.15
2006,Belgium,0,$2.15
2007,Belgium,0,$2.15
2008,Belgium,0,$2.15
2009,Belgium,0,$2.15
2010,Belgium,0,$2.15
2011,Belgium,0,$2.15
2012,Belgium,0,$2.15
2013,Belgium,0,$2.15
2014,Belgium,0,$2.15
2015,Belgium,0,$2.15
2016,Belgium,0,$2.15
2017,Belgium,0,$2.15
2018,Belgium,0,$2.15
2019,Belgium,0,$2.15
2020,Belgium,0,$2.15
1993,Belize,0.1,$2.15
1994,Belize,0.08,$2.15
1995,Belize,0.1,$2.15
1996,Belize,0.12,$2.15
1997,Belize,0.18,$2.15
1998,Belize,0.12,$2.15
1999,Belize,0.13,$2.15
2003,Benin,0.25,$2.15
2011,Benin,0.28,$2.15
2015,Benin,0.42,$2.15
2018,Benin,0.06,$2.15
2003,Bhutan,0.03,$2.15
2007,Bhutan,0.01,$2.15
2012,Bhutan,0,$2.15
2017,Bhutan,0,$2.15
2001,Bosnia and Herzegovina,0,$2.15
2004,Bosnia and Herzegovina,0,$2.15
2007,Bosnia and Herzegovina,0,$2.15
2011,Bosnia and Herzegovina,0,$2.15
1985,Botswana,0.27,$2.15
1993,Botswana,0.19,$2.15
2002,Botswana,0.17,$2.15
2009,Botswana,0.08,$2.15
2015,Botswana,0.05,$2.15
1981,Brazil,0.13,$2.15
1982,Brazil,0.13,$2.15
1983,Brazil,0.17,$2.15
1984,Brazil,0.16,$2.15
1985,Brazil,0.14,$2.15
1986,Brazil,0.05,$2.15
1987,Brazil,0.11,$2.15
1988,Brazil,0.13,$2.15
1989,Brazil,0.11,$2.15
1990,Brazil,0.14,$2.15
1992,Brazil,0.15,$2.15
1993,Brazil,0.14,$2.15
1995,Brazil,0.07,$2.15
1996,Brazil,0.08,$2.15
1997,Brazil,0.08,$2.15
1998,Brazil,0.07,$2.15
1999,Brazil,0.07,$2.15
2001,Brazil,0.08,$2.15
2002,Brazil,0.07,$2.15
2003,Brazil,0.07,$2.15
2004,Brazil,0.06,$2.15
2005,Brazil,0.05,$2.15
2006,Brazil,0.04,$2.15
2007,Brazil,0.05,$2.15
2008,Brazil,0.04,$2.15
2009,Brazil,0.03,$2.15
2011,Brazil,0.03,$2.15
2012,Brazil,0.02,$2.15
2013,Brazil,0.02,$2.15
2014,Brazil,0.01,$2.15
2015,Brazil,0.02,$2.15
2016,Brazil,0.02,$2.15
2017,Brazil,0.03,$2.15
2018,Brazil,0.03,$2.15
2019,Brazil,0.03,$2.15
2020,Brazil,0.01,$2.15
2021,Brazil,0.03,$2.15
1989,Bulgaria,0,$2.15
1992,Bulgaria,0,$2.15
1994,Bulgaria,0,$2.15
1995,Bulgaria,0,$2.15
1997,Bulgaria,0,$2.15
2001,Bulgaria,0.01,$2.15
2003,Bulgaria,0,$2.15
2006,Bulgaria,0.06,$2.15
2007,Bulgaria,0,$2.15
2007,Bulgaria,0.01,$2.15
2008,Bulgaria,0.01,$2.15
2009,Bulgaria,0,$2.15
2010,Bulgaria,0.01,$2.15
2011,Bulgaria,0.01,$2.15
2012,Bulgaria,0.01,$2.15
2013,Bulgaria,0.01,$2.15
2014,Bulgaria,0.01,$2.15
2015,Bulgaria,0.02,$2.15
2016,Bulgaria,0.01,$2.15
2017,Bulgaria,0.01,$2.15
2018,Bulgaria,0,$2.15
2019,Bulgaria,0.01,$2.15
2020,Bulgaria,0,$2.15
1994,Burkina Faso,0.79,$2.15
1998,Burkina Faso,0.67,$2.15
2003,Burkina Faso,0.32,$2.15
2009,Burkina Faso,0.25,$2.15
2014,Burkina Faso,0.12,$2.15
2018,Burkina Faso,0.11,$2.15
1992,Burundi,0.46,$2.15
1998,Burundi,0.68,$2.15
2006,Burundi,0.37,$2.15
2013,Burundi,0.36,$2.15
2001,Cabo Verde,0.08,$2.15
2007,Cabo Verde,0.03,$2.15
2015,Cabo Verde,0.01,$2.15
1996,Cameroon,0.23,$2.15
2001,Cameroon,0.09,$2.15
2007,Cameroon,0.12,$2.15
2014,Cameroon,0.11,$2.15
1971,Canada,0.02,$2.15
1975,Canada,0,$2.15
1981,Canada,0,$2.15
1987,Canada,0,$2.15
1991,Canada,0,$2.15
1994,Canada,0,$2.15
1996,Canada,0,$2.15
1997,Canada,0,$2.15
1998,Canada,0,$2.15
1999,Canada,0,$2.15
2000,Canada,0,$2.15
2001,Canada,0,$2.15
2002,Canada,0,$2.15
2003,Canada,0,$2.15
2004,Canada,0,$2.15
2005,Canada,0,$2.15
2006,Canada,0,$2.15
2007,Canada,0,$2.15
2008,Canada,0,$2.15
2009,Canada,0,$2.15
2010,Canada,0,$2.15
2011,Canada,0,$2.15
2012,Canada,0,$2.15
2013,Canada,0,$2.15
2014,Canada,0,$2.15
2015,Canada,0,$2.15
2016,Canada,0,$2.15
2017,Canada,0,$2.15
2018,Canada,0,$2.15
1992,Central African Republic,1.26,$2.15
2008,Central African Republic,0.5,$2.15
2003,Chad,0.34,$2.15
2011,Chad,0.21,$2.15
2018,Chad,0.11,$2.15
1987,Chile,0.08,$2.15
1990,Chile,0.05,$2.15
1992,Chile,0.03,$2.15
1994,Chile,0.03,$2.15
1996,Chile,0.02,$2.15
1998,Chile,0.02,$2.15
2000,Chile,0.03,$2.15
2003,Chile,0.03,$2.15
2006,Chile,0.01,$2.15
2009,Chile,0.01,$2.15
2011,Chile,0,$2.15
2013,Chile,0,$2.15
2015,Chile,0,$2.15
2017,Chile,0,$2.15
2020,Chile,0,$2.15
1981,China,0.88,$2.15
1981,China,0.24,$2.15
1981,China,0.75,$2.15
1984,China,0.59,$2.15
1984,China,0.15,$2.15
1984,China,0.49,$2.15
1987,China,0.47,$2.15
1987,China,0.09,$2.15
1987,China,0.37,$2.15
1990,China,0.51,$2.15
1990,China,0.13,$2.15
1990,China,0.41,$2.15
1993,China,0.45,$2.15
1993,China,0.08,$2.15
1993,China,0.34,$2.15
1996,China,0.3,$2.15
1996,China,0.05,$2.15
1996,China,0.22,$2.15
1999,China,0.32,$2.15
1999,China,0.04,$2.15
1999,China,0.22,$2.15
2002,China,0.27,$2.15
2002,China,0.02,$2.15
2002,China,0.17,$2.15
2005,China,0.14,$2.15
2005,China,0.01,$2.15
2005,China,0.08,$2.15
2008,China,0.12,$2.15
2008,China,0.01,$2.15
2008,China,0.07,$2.15
2010,China,0.09,$2.15
2010,China,0,$2.15
2010,China,0.05,$2.15
2011,China,0.06,$2.15
2011,China,0,$2.15
2011,China,0.03,$2.15
2012,China,0.05,$2.15
2012,China,0,$2.15
2012,China,0.02,$2.15
2013,China,0.01,$2.15
2013,China,0,$2.15
2013,China,0.01,$2.15
2014,China,0.01,$2.15
2014,China,0,$2.15
2014,China,0,$2.15
2015,China,0,$2.15
2015,China,0,$2.15
2015,China,0,$2.15
2016,China,0,$2.15
2016,China,0,$2.15
2016,China,0,$2.15
2017,China,0,$2.15
2017,China,0,$2.15
2017,China,0,$2.15
2018,China,0,$2.15
2018,China,0,$2.15
2018,China,0,$2.15
2019,China,0,$2.15
2019,China,0,$2.15
2019,China,0,$2.15
1980,Colombia,0.14,$2.15
1988,Colombia,0.08,$2.15
1989,Colombia,0.07,$2.15
1991,Colombia,0.07,$2.15
1992,Colombia,0.03,$2.15
1996,Colombia,0.11,$2.15
1999,Colombia,0.12,$2.15
2000,Colombia,0.06,$2.15
2001,Colombia,0.14,$2.15
2002,Colombia,0.08,$2.15
2003,Colombia,0.07,$2.15
2004,Colombia,0.06,$2.15
2005,Colombia,0.05,$2.15
2008,Colombia,0.06,$2.15
2009,Colombia,0.05,$2.15
2010,Colombia,0.04,$2.15
2011,Colombia,0.04,$2.15
2012,Colombia,0.03,$2.15
2013,Colombia,0.03,$2.15
2014,Colombia,0.03,$2.15
2015,Colombia,0.02,$2.15
2016,Colombia,0.03,$2.15
2017,Colombia,0.02,$2.15
2018,Colombia,0.02,$2.15
2019,Colombia,0.03,$2.15
2020,Colombia,0.05,$2.15
2021,Colombia,0.03,$2.15
2004,Comoros,0.06,$2.15
2014,Comoros,0.09,$2.15
2004,"Congo, Dem. Rep.",1.1,$2.15
2012,"Congo, Dem. Rep.",0.52,$2.15
2005,"Congo, Rep.",0.29,$2.15
2011,"Congo, Rep.",0.2,$2.15
1981,Costa Rica,0.19,$2.15
1986,Costa Rica,0.11,$2.15
1989,Costa Rica,0.05,$2.15
1990,Costa Rica,0.05,$2.15
1991,Costa Rica,0.06,$2.15
1992,Costa Rica,0.05,$2.15
1993,Costa Rica,0.04,$2.15
1994,Costa Rica,0.03,$2.15
1995,Costa Rica,0.03,$2.15
1996,Costa Rica,0.04,$2.15
1997,Costa Rica,0.03,$2.15
1998,Costa Rica,0.02,$2.15
1999,Costa Rica,0.03,$2.15
2000,Costa Rica,0.04,$2.15
2001,Costa Rica,0.03,$2.15
2002,Costa Rica,0.03,$2.15
2003,Costa Rica,0.03,$2.15
2004,Costa Rica,0.03,$2.15
2005,Costa Rica,0.02,$2.15
2006,Costa Rica,0.02,$2.15
2007,Costa Rica,0.01,$2.15
2008,Costa Rica,0.01,$2.15
2009,Costa Rica,0.01,$2.15
2010,Costa Rica,0.01,$2.15
2011,Costa Rica,0.01,$2.15
2012,Costa Rica,0.01,$2.15
2013,Costa Rica,0.01,$2.15
2014,Costa Rica,0.01,$2.15
2015,Costa Rica,0.01,$2.15
2016,Costa Rica,0.01,$2.15
2017,Costa Rica,0,$2.15
2018,Costa Rica,0.01,$2.15
2019,Costa Rica,0,$2.15
2020,Costa Rica,0.01,$2.15
2021,Costa Rica,0,$2.15
1988,Croatia,0,$2.15
1998,Croatia,0,$2.15
1999,Croatia,0,$2.15
2000,Croatia,0,$2.15
2001,Croatia,0,$2.15
2004,Croatia,0,$2.15
2008,Croatia,0,$2.15
2009,Croatia,0,$2.15
2009,Croatia,0.01,$2.15
2010,Croatia,0,$2.15
2010,Croatia,0.01,$2.15
2011,Croatia,0,$2.15
2012,Croatia,0,$2.15
2013,Croatia,0,$2.15
2014,Croatia,0,$2.15
2015,Croatia,0,$2.15
2016,Croatia,0,$2.15
2017,Croatia,0,$2.15
2018,Croatia,0,$2.15
2019,Croatia,0,$2.15
2020,Croatia,0,$2.15
2004,Cyprus,0,$2.15
2005,Cyprus,0,$2.15
2006,Cyprus,0,$2.15
2007,Cyprus,0,$2.15
2008,Cyprus,0,$2.15
2009,Cyprus,0,$2.15
2010,Cyprus,0,$2.15
2011,Cyprus,0,$2.15
2012,Cyprus,0,$2.15
2013,Cyprus,0,$2.15
2014,Cyprus,0,$2.15
2015,Cyprus,0,$2.15
2016,Cyprus,0,$2.15
2017,Cyprus,0,$2.15
2018,Cyprus,0,$2.15
2019,Cyprus,0,$2.15
2020,Cyprus,0,$2.15
1987,Denmark,0.01,$2.15
1992,Denmark,0.01,$2.15
1995,Denmark,0,$2.15
2000,Denmark,0,$2.15
2003,Denmark,0,$2.15
2004,Denmark,0,$2.15
2005,Denmark,0,$2.15
2006,Denmark,0,$2.15
2007,Denmark,0,$2.15
2008,Denmark,0,$2.15
2009,Denmark,0,$2.15
2010,Denmark,0,$2.15
2011,Denmark,0,$2.15
2012,Denmark,0,$2.15
2013,Denmark,0.01,$2.15
2014,Denmark,0,$2.15
2015,Denmark,0,$2.15
2016,Denmark,0,$2.15
2017,Denmark,0,$2.15
2018,Denmark,0.01,$2.15
2019,Denmark,0,$2.15
2020,Denmark,0,$2.15
1986,Dominican Republic,0.03,$2.15
1989,Dominican Republic,0.06,$2.15
1992,Dominican Republic,0.03,$2.15
1996,Dominican Republic,0.03,$2.15
1997,Dominican Republic,0.03,$2.15
2000,Dominican Republic,0.03,$2.15
2001,Dominican Republic,0.02,$2.15
2002,Dominican Republic,0.03,$2.15
2003,Dominican Republic,0.04,$2.15
2004,Dominican Republic,0.05,$2.15
2005,Dominican Republic,0.03,$2.15
2006,Dominican Republic,0.02,$2.15
2007,Dominican Republic,0.02,$2.15
2008,Dominican Republic,0.02,$2.15
2009,Dominican Republic,0.02,$2.15
2010,Dominican Republic,0.01,$2.15
2011,Dominican Republic,0.01,$2.15
2012,Dominican Republic,0.01,$2.15
2013,Dominican Republic,0.01,$2.15
2014,Dominican Republic,0.01,$2.15
2015,Dominican Republic,0.01,$2.15
2016,Dominican Republic,0.01,$2.15
2017,Dominican Republic,0,$2.15
2018,Dominican Republic,0,$2.15
2019,Dominican Republic,0,$2.15
2020,Dominican Republic,0,$2.15
2021,Dominican Republic,0,$2.15
1987,Ecuador,0.12,$2.15
1994,Ecuador,0.13,$2.15
1995,Ecuador,0.05,$2.15
1998,Ecuador,0.08,$2.15
1999,Ecuador,0.17,$2.15
2000,Ecuador,0.17,$2.15
2003,Ecuador,0.09,$2.15
2004,Ecuador,0.08,$2.15
2005,Ecuador,0.07,$2.15
2006,Ecuador,0.04,$2.15
2007,Ecuador,0.05,$2.15
2008,Ecuador,0.05,$2.15
2009,Ecuador,0.04,$2.15
2010,Ecuador,0.03,$2.15
2011,Ecuador,0.03,$2.15
2012,Ecuador,0.02,$2.15
2013,Ecuador,0.01,$2.15
2014,Ecuador,0.01,$2.15
2015,Ecuador,0.02,$2.15
2016,Ecuador,0.02,$2.15
2017,Ecuador,0.01,$2.15
2018,Ecuador,0.01,$2.15
2019,Ecuador,0.01,$2.15
2020,Ecuador,0.03,$2.15
2021,Ecuador,0.01,$2.15
1990,"Egypt, Arab Rep.",0.01,$2.15
1995,"Egypt, Arab Rep.",0,$2.15
1999,"Egypt, Arab Rep.",0,$2.15
2004,"Egypt, Arab Rep.",0.01,$2.15
2008,"Egypt, Arab Rep.",0,$2.15
2010,"Egypt, Arab Rep.",0,$2.15
2012,"Egypt, Arab Rep.",0,$2.15
2015,"Egypt, Arab Rep.",0,$2.15
2017,"Egypt, Arab Rep.",0,$2.15
2019,"Egypt, Arab Rep.",0,$2.15
1989,El Salvador,0.08,$2.15
1991,El Salvador,0.14,$2.15
1995,El Salvador,0.09,$2.15
1996,El Salvador,0.1,$2.15
1998,El Salvador,0.18,$2.15
1999,El Salvador,0.14,$2.15
2000,El Salvador,0.09,$2.15
2001,El Salvador,0.1,$2.15
2002,El Salvador,0.11,$2.15
2003,El Salvador,0.15,$2.15
2004,El Salvador,0.08,$2.15
2005,El Salvador,0.07,$2.15
2006,El Salvador,0.03,$2.15
2007,El Salvador,0.02,$2.15
2008,El Salvador,0.03,$2.15
2009,El Salvador,0.03,$2.15
2010,El Salvador,0.02,$2.15
2011,El Salvador,0.02,$2.15
2012,El Salvador,0.01,$2.15
2013,El Salvador,0.01,$2.15
2014,El Salvador,0.01,$2.15
2015,El Salvador,0.01,$2.15
2016,El Salvador,0.01,$2.15
2017,El Salvador,0.01,$2.15
2018,El Salvador,0,$2.15
2019,El Salvador,0,$2.15
2021,El Salvador,0.02,$2.15
1993,Estonia,0,$2.15
1995,Estonia,0,$2.15
1998,Estonia,0,$2.15
2000,Estonia,0,$2.15
2001,Estonia,0,$2.15
2002,Estonia,0,$2.15
2003,Estonia,0,$2.15
2003,Estonia,0.02,$2.15
2004,Estonia,0,$2.15
2004,Estonia,0.01,$2.15
2005,Estonia,0,$2.15
2006,Estonia,0.01,$2.15
2007,Estonia,0,$2.15
2008,Estonia,0,$2.15
2009,Estonia,0,$2.15
2010,Estonia,0.01,$2.15
2011,Estonia,0.01,$2.15
2012,Estonia,0.01,$2.15
2013,Estonia,0.01,$2.15
2014,Estonia,0,$2.15
2015,Estonia,0,$2.15
2016,Estonia,0,$2.15
2017,Estonia,0,$2.15
2018,Estonia,0,$2.15
2019,Estonia,0.01,$2.15
2020,Estonia,0,$2.15
1994,Eswatini,1.15,$2.15
2000,Eswatini,0.33,$2.15
2009,Eswatini,0.32,$2.15
2016,Eswatini,0.18,$2.15
1981,Ethiopia,0.36,$2.15
1995,Ethiopia,0.4,$2.15
1999,Ethiopia,0.23,$2.15
2004,Ethiopia,0.09,$2.15
2010,Ethiopia,0.11,$2.15
2015,Ethiopia,0.1,$2.15
1990,Europe & Central Asia,0.02,$2.15
1991,Europe & Central Asia,0.02,$2.15
1992,Europe & Central Asia,0.03,$2.15
1993,Europe & Central Asia,0.03,$2.15
1994,Europe & Central Asia,0.04,$2.15
1995,Europe & Central Asia,0.04,$2.15
1996,Europe & Central Asia,0.04,$2.15
1997,Europe & Central Asia,0.04,$2.15
1998,Europe & Central Asia,0.04,$2.15
1999,Europe & Central Asia,0.05,$2.15
2000,Europe & Central Asia,0.05,$2.15
2001,Europe & Central Asia,0.04,$2.15
2002,Europe & Central Asia,0.04,$2.15
2003,Europe & Central Asia,0.04,$2.15
2004,Europe & Central Asia,0.03,$2.15
2005,Europe & Central Asia,0.03,$2.15
2006,Europe & Central Asia,0.03,$2.15
2007,Europe & Central Asia,0.03,$2.15
2008,Europe & Central Asia,0.02,$2.15
2009,Europe & Central Asia,0.02,$2.15
2010,Europe & Central Asia,0.02,$2.15
2011,Europe & Central Asia,0.02,$2.15
2012,Europe & Central Asia,0.02,$2.15
2013,Europe & Central Asia,0.01,$2.15
2014,Europe & Central Asia,0.01,$2.15
2015,Europe & Central Asia,0.01,$2.15
2016,Europe & Central Asia,0.01,$2.15
2017,Europe & Central Asia,0.01,$2.15
2018,Europe & Central Asia,0.01,$2.15
2019,Europe & Central Asia,0.01,$2.15
2020,Europe & Central Asia,0.01,$2.15
2002,Fiji,0,$2.15
2008,Fiji,0,$2.15
2013,Fiji,0,$2.15
2019,Fiji,0,$2.15
1987,Finland,0,$2.15
1991,Finland,0,$2.15
1995,Finland,0,$2.15
2000,Finland,0,$2.15
2003,Finland,0,$2.15
2004,Finland,0,$2.15
2005,Finland,0,$2.15
2006,Finland,0,$2.15
2007,Finland,0,$2.15
2008,Finland,0,$2.15
2009,Finland,0,$2.15
2010,Finland,0,$2.15
2011,Finland,0,$2.15
2012,Finland,0,$2.15
2013,Finland,0,$2.15
2014,Finland,0,$2.15
2015,Finland,0,$2.15
2016,Finland,0,$2.15
2017,Finland,0,$2.15
2018,Finland,0,$2.15
2019,Finland,0,$2.15
2020,Finland,0,$2.15
1970,France,0,$2.15
1975,France,0,$2.15
1979,France,0,$2.15
1984,France,0.01,$2.15
1990,France,0,$2.15
1996,France,0,$2.15
1997,France,0,$2.15
1998,France,0,$2.15
1999,France,0,$2.15
2000,France,0,$2.15
2001,France,0,$2.15
2002,France,0,$2.15
2003,France,0,$2.15
2004,France,0,$2.15
2005,France,0,$2.15
2006,France,0,$2.15
2007,France,0,$2.15
2008,France,0,$2.15
2009,France,0,$2.15
2010,France,0,$2.15
2011,France,0,$2.15
2012,France,0,$2.15
2013,France,0,$2.15
2014,France,0,$2.15
2015,France,0,$2.15
2016,France,0,$2.15
2017,France,0,$2.15
2018,France,0,$2.15
2019,France,0,$2.15
2020,France,0,$2.15
2005,Gabon,0.02,$2.15
2017,Gabon,0.01,$2.15
1998,"Gambia, The",0.68,$2.15
2003,"Gambia, The",0.31,$2.15
2010,"Gambia, The",0.13,$2.15
2015,"Gambia, The",0.04,$2.15
2020,"Gambia, The",0.06,$2.15
1996,Georgia,0.02,$2.15
1997,Georgia,0.1,$2.15
1998,Georgia,0.1,$2.15
1999,Georgia,0.12,$2.15
2000,Georgia,0.13,$2.15
2001,Georgia,0.12,$2.15
2002,Georgia,0.05,$2.15
2003,Georgia,0.06,$2.15
2004,Georgia,0.06,$2.15
2005,Georgia,0.06,$2.15
2006,Georgia,0.06,$2.15
2007,Georgia,0.06,$2.15
2008,Georgia,0.05,$2.15
2009,Georgia,0.05,$2.15
2010,Georgia,0.06,$2.15
2011,Georgia,0.06,$2.15
2012,Georgia,0.04,$2.15
2013,Georgia,0.03,$2.15
2014,Georgia,0.02,$2.15
2015,Georgia,0.02,$2.15
2016,Georgia,0.02,$2.15
2017,Georgia,0.02,$2.15
2018,Georgia,0.02,$2.15
2019,Georgia,0.01,$2.15
2020,Georgia,0.02,$2.15
2021,Georgia,0.02,$2.15
1991,Germany,0,$2.15
1992,Germany,0,$2.15
1993,Germany,0,$2.15
1994,Germany,0,$2.15
1995,Germany,0,$2.15
1996,Germany,0,$2.15
1997,Germany,0,$2.15
1998,Germany,0,$2.15
1999,Germany,0,$2.15
2000,Germany,0,$2.15
2001,Germany,0,$2.15
2002,Germany,0,$2.15
2003,Germany,0,$2.15
2004,Germany,0,$2.15
2005,Germany,0,$2.15
2006,Germany,0,$2.15
2007,Germany,0,$2.15
2008,Germany,0,$2.15
2009,Germany,0,$2.15
2010,Germany,0,$2.15
2011,Germany,0,$2.15
2012,Germany,0,$2.15
2013,Germany,0,$2.15
2014,Germany,0,$2.15
2015,Germany,0,$2.15
2016,Germany,0,$2.15
2017,Germany,0.01,$2.15
2018,Germany,0,$2.15
2019,Germany,0,$2.15
1987,Ghana,0.33,$2.15
1988,Ghana,0.31,$2.15
1991,Ghana,0.39,$2.15
1998,Ghana,0.33,$2.15
2005,Ghana,0.24,$2.15
2012,Ghana,0.12,$2.15
2016,Ghana,0.14,$2.15
1995,Greece,0.01,$2.15
2000,Greece,0,$2.15
2003,Greece,0,$2.15
2004,Greece,0,$2.15
2005,Greece,0,$2.15
2006,Greece,0,$2.15
2007,Greece,0,$2.15
2008,Greece,0,$2.15
2009,Greece,0,$2.15
2010,Greece,0.01,$2.15
2011,Greece,0.01,$2.15
2012,Greece,0.01,$2.15
2013,Greece,0,$2.15
2014,Greece,0.01,$2.15
2015,Greece,0.01,$2.15
2016,Greece,0.01,$2.15
2017,Greece,0.01,$2.15
2018,Greece,0,$2.15
2019,Greece,0,$2.15
2020,Greece,0,$2.15
1986,Guatemala,0.42,$2.15
1989,Guatemala,0.32,$2.15
1998,Guatemala,0.07,$2.15
2000,Guatemala,0.05,$2.15
2006,Guatemala,0.06,$2.15
2014,Guatemala,0.04,$2.15
1991,Guinea,1.23,$2.15
1994,Guinea,0.2,$2.15
2002,Guinea,0.3,$2.15
2007,Guinea,0.23,$2.15
2012,Guinea,0.09,$2.15
2018,Guinea,0.04,$2.15
1991,Guinea-Bissau,0.4,$2.15
1993,Guinea-Bissau,0.2,$2.15
2002,Guinea-Bissau,0.26,$2.15
2010,Guinea-Bissau,0.48,$2.15
2018,Guinea-Bissau,0.06,$2.15
1992,Guyana,0.16,$2.15
1998,Guyana,0.14,$2.15
2001,Haiti,0.72,$2.15
2012,Haiti,0.14,$2.15
2012,Haiti,0.6,$2.15
1986,Honduras,0.38,$2.15
1989,Honduras,0.28,$2.15
1990,Honduras,0.32,$2.15
1991,Honduras,0.18,$2.15
1992,Honduras,0.14,$2.15
1993,Honduras,0.12,$2.15
1994,Honduras,0.16,$2.15
1995,Honduras,0.16,$2.15
1996,Honduras,0.2,$2.15
1997,Honduras,0.1,$2.15
1998,Honduras,0.17,$2.15
1999,Honduras,0.17,$2.15
2001,Honduras,0.13,$2.15
2002,Honduras,0.15,$2.15
2003,Honduras,0.18,$2.15
2004,Honduras,0.18,$2.15
2005,Honduras,0.22,$2.15
2006,Honduras,0.17,$2.15
2007,Honduras,0.09,$2.15
2008,Honduras,0.09,$2.15
2009,Honduras,0.06,$2.15
2010,Honduras,0.07,$2.15
2011,Honduras,0.09,$2.15
2012,Honduras,0.11,$2.15
2013,Honduras,0.08,$2.15
2014,Honduras,0.06,$2.15
2015,Honduras,0.06,$2.15
2016,Honduras,0.08,$2.15
2017,Honduras,0.07,$2.15
2018,Honduras,0.07,$2.15
2019,Honduras,0.06,$2.15
1987,Hungary,0,$2.15
1989,Hungary,0,$2.15
1991,Hungary,0.01,$2.15
1993,Hungary,0,$2.15
1994,Hungary,0.01,$2.15
1998,Hungary,0,$2.15
1999,Hungary,0,$2.15
1999,Hungary,0,$2.15
2000,Hungary,0,$2.15
2001,Hungary,0,$2.15
2002,Hungary,0,$2.15
2003,Hungary,0,$2.15
2004,Hungary,0,$2.15
2004,Hungary,0,$2.15
2005,Hungary,0,$2.15
2005,Hungary,0,$2.15
2006,Hungary,0,$2.15
2006,Hungary,0,$2.15
2007,Hungary,0,$2.15
2007,Hungary,0,$2.15
2008,Hungary,0,$2.15
2009,Hungary,0,$2.15
2010,Hungary,0,$2.15
2011,Hungary,0,$2.15
2012,Hungary,0,$2.15
2013,Hungary,0,$2.15
2014,Hungary,0,$2.15
2015,Hungary,0.01,$2.15
2016,Hungary,0.01,$2.15
2017,Hungary,0.01,$2.15
2018,Hungary,0,$2.15
2019,Hungary,0,$2.15
2020,Hungary,0,$2.15
2003,Iceland,0,$2.15
2004,Iceland,0,$2.15
2005,Iceland,0,$2.15
2006,Iceland,0,$2.15
2007,Iceland,0,$2.15
2008,Iceland,0,$2.15
2009,Iceland,0,$2.15
2010,Iceland,0,$2.15
2011,Iceland,0,$2.15
2012,Iceland,0,$2.15
2013,Iceland,0,$2.15
2014,Iceland,0,$2.15
2015,Iceland,0,$2.15
2016,Iceland,0,$2.15
2017,Iceland,0,$2.15
1977,India,0.34,$2.15
1977,India,0.18,$2.15
1977,India,0.31,$2.15
1983,India,0.28,$2.15
1983,India,0.13,$2.15
1983,India,0.24,$2.15
1987,India,0.21,$2.15
1987,India,0.13,$2.15
1987,India,0.19,$2.15
1993,India,0.19,$2.15
1993,India,0.1,$2.15
1993,India,0.16,$2.15
2004,India,0.14,$2.15
2004,India,0.08,$2.15
2004,India,0.12,$2.15
2009,India,0.11,$2.15
2009,India,0.06,$2.15
2009,India,0.09,$2.15
2011,India,0.07,$2.15
2011,India,0.04,$2.15
2011,India,0.06,$2.15
2015,India,0.05,$2.15
2015,India,0.03,$2.15
2015,India,0.05,$2.15
2016,India,0.05,$2.15
2016,India,0.03,$2.15
2016,India,0.04,$2.15
2017,India,0.03,$2.15
2017,India,0.03,$2.15
2017,India,0.03,$2.15
2018,India,0.03,$2.15
2018,India,0.03,$2.15
2018,India,0.03,$2.15
2019,India,0.03,$2.15
2019,India,0.02,$2.15
2019,India,0.02,$2.15
1984,Indonesia,0.53,$2.15
1984,Indonesia,0.2,$2.15
1984,Indonesia,0.44,$2.15
1987,Indonesia,0.46,$2.15
1987,Indonesia,0.23,$2.15
1987,Indonesia,0.4,$2.15
1990,Indonesia,0.34,$2.15
1990,Indonesia,0.14,$2.15
1990,Indonesia,0.28,$2.15
1993,Indonesia,0.34,$2.15
1993,Indonesia,0.13,$2.15
1993,Indonesia,0.27,$2.15
1996,Indonesia,0.26,$2.15
1996,Indonesia,0.09,$2.15
1996,Indonesia,0.2,$2.15
1998,Indonesia,0.42,$2.15
1998,Indonesia,0.2,$2.15
1998,Indonesia,0.33,$2.15
1999,Indonesia,0.19,$2.15
1999,Indonesia,0.09,$2.15
1999,Indonesia,0.15,$2.15
2000,Indonesia,0.17,$2.15
2000,Indonesia,0.08,$2.15
2000,Indonesia,0.13,$2.15
2001,Indonesia,0.15,$2.15
2001,Indonesia,0.06,$2.15
2001,Indonesia,0.11,$2.15
2002,Indonesia,0.1,$2.15
2002,Indonesia,0.02,$2.15
2002,Indonesia,0.06,$2.15
2003,Indonesia,0.09,$2.15
2003,Indonesia,0.03,$2.15
2003,Indonesia,0.07,$2.15
2004,Indonesia,0.12,$2.15
2004,Indonesia,0.03,$2.15
2004,Indonesia,0.08,$2.15
2005,Indonesia,0.1,$2.15
2005,Indonesia,0.03,$2.15
2005,Indonesia,0.07,$2.15
2006,Indonesia,0.14,$2.15
2006,Indonesia,0.04,$2.15
2006,Indonesia,0.1,$2.15
2007,Indonesia,0.1,$2.15
2007,Indonesia,0.03,$2.15
2007,Indonesia,0.07,$2.15
2008,Indonesia,0.1,$2.15
2008,Indonesia,0.03,$2.15
2008,Indonesia,0.07,$2.15
2009,Indonesia,0.07,$2.15
2009,Indonesia,0.03,$2.15
2009,Indonesia,0.05,$2.15
2010,Indonesia,0.06,$2.15
2010,Indonesia,0.02,$2.15
2010,Indonesia,0.04,$2.15
2011,Indonesia,0.05,$2.15
2011,Indonesia,0.02,$2.15
2011,Indonesia,0.03,$2.15
2012,Indonesia,0.04,$2.15
2012,Indonesia,0.02,$2.15
2012,Indonesia,0.03,$2.15
2013,Indonesia,0.03,$2.15
2013,Indonesia,0.01,$2.15
2013,Indonesia,0.02,$2.15
2014,Indonesia,0.02,$2.15
2014,Indonesia,0.01,$2.15
2014,Indonesia,0.02,$2.15
2015,Indonesia,0.02,$2.15
2015,Indonesia,0.01,$2.15
2015,Indonesia,0.02,$2.15
2016,Indonesia,0.02,$2.15
2016,Indonesia,0.01,$2.15
2016,Indonesia,0.01,$2.15
2017,Indonesia,0.02,$2.15
2017,Indonesia,0.01,$2.15
2017,Indonesia,0.01,$2.15
2018,Indonesia,0.01,$2.15
2018,Indonesia,0.01,$2.15
2018,Indonesia,0.01,$2.15
2019,Indonesia,0.01,$2.15
2019,Indonesia,0,$2.15
2019,Indonesia,0.01,$2.15
2020,Indonesia,0.01,$2.15
2020,Indonesia,0,$2.15
2020,Indonesia,0.01,$2.15
2021,Indonesia,0.01,$2.15
2021,Indonesia,0,$2.15
2021,Indonesia,0.01,$2.15
2022,Indonesia,0,$2.15
2022,Indonesia,0,$2.15
2022,Indonesia,0,$2.15
1986,"Iran, Islamic Rep.",0.03,$2.15
1990,"Iran, Islamic Rep.",0.03,$2.15
1994,"Iran, Islamic Rep.",0.01,$2.15
1998,"Iran, Islamic Rep.",0.01,$2.15
2005,"Iran, Islamic Rep.",0,$2.15
2006,"Iran, Islamic Rep.",0,$2.15
2009,"Iran, Islamic Rep.",0.01,$2.15
2013,"Iran, Islamic Rep.",0,$2.15
2014,"Iran, Islamic Rep.",0,$2.15
2015,"Iran, Islamic Rep.",0,$2.15
2016,"Iran, Islamic Rep.",0,$2.15
2017,"Iran, Islamic Rep.",0,$2.15
2018,"Iran, Islamic Rep.",0,$2.15
2019,"Iran, Islamic Rep.",0,$2.15
2006,Iraq,0,$2.15
2012,Iraq,0,$2.15
1987,Ireland,0,$2.15
1994,Ireland,0,$2.15
1995,Ireland,0,$2.15
1996,Ireland,0,$2.15
2000,Ireland,0,$2.15
2002,Ireland,0,$2.15
2003,Ireland,0,$2.15
2004,Ireland,0,$2.15
2005,Ireland,0,$2.15
2006,Ireland,0,$2.15
2007,Ireland,0,$2.15
2008,Ireland,0,$2.15
2009,Ireland,0,$2.15
2010,Ireland,0,$2.15
2011,Ireland,0,$2.15
2012,Ireland,0,$2.15
2013,Ireland,0,$2.15
2014,Ireland,0,$2.15
2015,Ireland,0,$2.15
2016,Ireland,0,$2.15
2017,Ireland,0,$2.15
2018,Ireland,0,$2.15
2019,Ireland,0,$2.15
2020,Ireland,0,$2.15
1979,Israel,0,$2.15
1986,Israel,0,$2.15
1992,Israel,0,$2.15
1997,Israel,0,$2.15
2001,Israel,0,$2.15
2002,Israel,0.01,$2.15
2003,Israel,0,$2.15
2004,Israel,0,$2.15
2005,Israel,0.01,$2.15
2006,Israel,0,$2.15
2007,Israel,0,$2.15
2008,Israel,0,$2.15
2009,Israel,0,$2.15
2010,Israel,0,$2.15
2011,Israel,0,$2.15
2012,Israel,0,$2.15
2013,Israel,0,$2.15
2014,Israel,0,$2.15
2015,Israel,0,$2.15
2016,Israel,0,$2.15
2017,Israel,0,$2.15
2018,Israel,0,$2.15
1986,Italy,0,$2.15
1987,Italy,0.02,$2.15
1989,Italy,0,$2.15
1991,Italy,0.01,$2.15
1993,Italy,0.02,$2.15
1995,Italy,0.02,$2.15
1998,Italy,0.02,$2.15
2000,Italy,0.01,$2.15
2003,Italy,0,$2.15
2004,Italy,0,$2.15
2005,Italy,0,$2.15
2006,Italy,0,$2.15
2007,Italy,0,$2.15
2008,Italy,0,$2.15
2009,Italy,0,$2.15
2010,Italy,0.01,$2.15
2011,Italy,0.01,$2.15
2012,Italy,0.01,$2.15
2013,Italy,0.01,$2.15
2014,Italy,0.01,$2.15
2015,Italy,0.01,$2.15
2016,Italy,0.01,$2.15
2017,Italy,0.01,$2.15
2018,Italy,0.01,$2.15
2019,Italy,0.01,$2.15
2020,Italy,0.01,$2.15
2008,Japan,0,$2.15
2010,Japan,0,$2.15
2013,Japan,0,$2.15
1986,Jordan,0,$2.15
1992,Jordan,0,$2.15
1997,Jordan,0,$2.15
2002,Jordan,0,$2.15
2006,Jordan,0,$2.15
2008,Jordan,0,$2.15
2010,Jordan,0,$2.15
1993,Kazakhstan,0.02,$2.15
1996,Kazakhstan,0.03,$2.15
2001,Kazakhstan,0.04,$2.15
2002,Kazakhstan,0.02,$2.15
2003,Kazakhstan,0.02,$2.15
2004,Kazakhstan,0.01,$2.15
2005,Kazakhstan,0.03,$2.15
2006,Kazakhstan,0,$2.15
2007,Kazakhstan,0,$2.15
2008,Kazakhstan,0,$2.15
2009,Kazakhstan,0,$2.15
2010,Kazakhstan,0,$2.15
2011,Kazakhstan,0,$2.15
2012,Kazakhstan,0,$2.15
2013,Kazakhstan,0,$2.15
2014,Kazakhstan,0,$2.15
2015,Kazakhstan,0,$2.15
2016,Kazakhstan,0,$2.15
2017,Kazakhstan,0,$2.15
2018,Kazakhstan,0,$2.15
1992,Kenya,0.14,$2.15
1994,Kenya,0.13,$2.15
1997,Kenya,0.09,$2.15
2005,Kenya,0.19,$2.15
2015,Kenya,0.12,$2.15
2006,"Korea, Rep.",0,$2.15
2008,"Korea, Rep.",0,$2.15
2010,"Korea, Rep.",0,$2.15
2012,"Korea, Rep.",0,$2.15
2014,"Korea, Rep.",0,$2.15
2016,"Korea, Rep.",0,$2.15
1981,Latin America & Caribbean,0.08,$2.15
1982,Latin America & Caribbean,0.09,$2.15
1983,Latin America & Caribbean,0.1,$2.15
1984,Latin America & Caribbean,0.1,$2.15
1985,Latin America & Caribbean,0.1,$2.15
1986,Latin America & Caribbean,0.06,$2.15
1987,Latin America & Caribbean,0.08,$2.15
1988,Latin America & Caribbean,0.1,$2.15
1989,Latin America & Caribbean,0.09,$2.15
1990,Latin America & Caribbean,0.1,$2.15
1991,Latin America & Caribbean,0.1,$2.15
1992,Latin America & Caribbean,0.1,$2.15
1993,Latin America & Caribbean,0.1,$2.15
1994,Latin America & Caribbean,0.09,$2.15
1995,Latin America & Caribbean,0.08,$2.15
1996,Latin America & Caribbean,0.1,$2.15
1997,Latin America & Caribbean,0.09,$2.15
1998,Latin America & Caribbean,0.08,$2.15
1999,Latin America & Caribbean,0.09,$2.15
2000,Latin America & Caribbean,0.08,$2.15
2001,Latin America & Caribbean,0.08,$2.15
2002,Latin America & Caribbean,0.07,$2.15
2003,Latin America & Caribbean,0.07,$2.15
2004,Latin America & Caribbean,0.06,$2.15
2005,Latin America & Caribbean,0.06,$2.15
2006,Latin America & Caribbean,0.05,$2.15
2007,Latin America & Caribbean,0.05,$2.15
2008,Latin America & Caribbean,0.04,$2.15
2009,Latin America & Caribbean,0.04,$2.15
2010,Latin America & Caribbean,0.04,$2.15
2011,Latin America & Caribbean,0.04,$2.15
2012,Latin America & Caribbean,0.02,$2.15
2013,Latin America & Caribbean,0.02,$2.15
2014,Latin America & Caribbean,0.02,$2.15
2015,Latin America & Caribbean,0.02,$2.15
2016,Latin America & Caribbean,0.02,$2.15
2017,Latin America & Caribbean,0.02,$2.15
2018,Latin America & Caribbean,0.02,$2.15
2019,Latin America & Caribbean,0.02,$2.15
2020,Latin America & Caribbean,0.02,$2.15
2021,Latin America & Caribbean,0.02,$2.15
1993,Latvia,0,$2.15
1995,Latvia,0,$2.15
1996,Latvia,0,$2.15
1997,Latvia,0.01,$2.15
1998,Latvia,0.01,$2.15
2002,Latvia,0,$2.15
2003,Latvia,0,$2.15
2004,Latvia,0,$2.15
2004,Latvia,0.02,$2.15
2005,Latvia,0.01,$2.15
2006,Latvia,0.01,$2.15
2007,Latvia,0,$2.15
2007,Latvia,0,$2.15
2008,Latvia,0,$2.15
2008,Latvia,0.01,$2.15
2009,Latvia,0,$2.15
2009,Latvia,0.02,$2.15
2010,Latvia,0.01,$2.15
2011,Latvia,0.01,$2.15
2012,Latvia,0.01,$2.15
2013,Latvia,0.01,$2.15
2014,Latvia,0.01,$2.15
2015,Latvia,0,$2.15
2016,Latvia,0,$2.15
2017,Latvia,0,$2.15
2018,Latvia,0,$2.15
2019,Latvia,0,$2.15
2020,Latvia,0,$2.15
2011,Lebanon,0,$2.15
1986,Lesotho,0.48,$2.15
1994,Lesotho,0.61,$2.15
2002,Lesotho,0.67,$2.15
2017,Lesotho,0.17,$2.15
1993,Lithuania,0.01,$2.15
1996,Lithuania,0,$2.15
1998,Lithuania,0,$2.15
1999,Lithuania,0,$2.15
2000,Lithuania,0,$2.15
2001,Lithuania,0,$2.15
2002,Lithuania,0,$2.15
2003,Lithuania,0,$2.15
2004,Lithuania,0,$2.15
2004,Lithuania,0.01,$2.15
2005,Lithuania,0.01,$2.15
2006,Lithuania,0.01,$2.15
2007,Lithuania,0,$2.15
2008,Lithuania,0,$2.15
2008,Lithuania,0.01,$2.15
2009,Lithuania,0.01,$2.15
2010,Lithuania,0.01,$2.15
2011,Lithuania,0,$2.15
2012,Lithuania,0.01,$2.15
2013,Lithuania,0,$2.15
2014,Lithuania,0,$2.15
2015,Lithuania,0,$2.15
2016,Lithuania,0,$2.15
2017,Lithuania,0.01,$2.15
2018,Lithuania,0,$2.15
2019,Lithuania,0,$2.15
2020,Lithuania,0,$2.15
1985,Luxembourg,0,$2.15
1991,Luxembourg,0,$2.15
1994,Luxembourg,0,$2.15
1997,Luxembourg,0,$2.15
2000,Luxembourg,0,$2.15
2003,Luxembourg,0,$2.15
2004,Luxembourg,0,$2.15
2005,Luxembourg,0,$2.15
2006,Luxembourg,0,$2.15
2007,Luxembourg,0,$2.15
2008,Luxembourg,0,$2.15
2009,Luxembourg,0,$2.15
2010,Luxembourg,0,$2.15
2011,Luxembourg,0,$2.15
2012,Luxembourg,0,$2.15
2013,Luxembourg,0,$2.15
2014,Luxembourg,0,$2.15
2015,Luxembourg,0,$2.15
2016,Luxembourg,0,$2.15
2017,Luxembourg,0,$2.15
2018,Luxembourg,0,$2.15
2019,Luxembourg,0,$2.15
2020,Luxembourg,0,$2.15
1980,Madagascar,0.29,$2.15
1993,Madagascar,0.52,$2.15
1997,Madagascar,0.48,$2.15
1999,Madagascar,0.46,$2.15
2001,Madagascar,0.59,$2.15
2005,Madagascar,0.49,$2.15
2010,Madagascar,0.64,$2.15
2012,Madagascar,0.71,$2.15
1997,Malawi,0.3,$2.15
2004,Malawi,0.4,$2.15
2010,Malawi,0.47,$2.15
2016,Malawi,0.37,$2.15
2019,Malawi,0.43,$2.15
1984,Malaysia,0.01,$2.15
1987,Malaysia,0.01,$2.15
1989,Malaysia,0,$2.15
1992,Malaysia,0,$2.15
1995,Malaysia,0,$2.15
1997,Malaysia,0,$2.15
2003,Malaysia,0,$2.15
2006,Malaysia,0,$2.15
2008,Malaysia,0,$2.15
2011,Malaysia,0,$2.15
2013,Malaysia,0,$2.15
2015,Malaysia,0,$2.15
2018,Malaysia,0,$2.15
2002,Maldives,0.02,$2.15
2009,Maldives,0.01,$2.15
2016,Maldives,0,$2.15
2019,Maldives,0,$2.15
1994,Mali,0.94,$2.15
2001,Mali,0.32,$2.15
2006,Mali,0.24,$2.15
2009,Mali,0.2,$2.15
2018,Mali,0.04,$2.15
2006,Malta,0,$2.15
2007,Malta,0,$2.15
2008,Malta,0,$2.15
2009,Malta,0,$2.15
2010,Malta,0,$2.15
2011,Malta,0.01,$2.15
2012,Malta,0,$2.15
2013,Malta,0,$2.15
2014,Malta,0,$2.15
2015,Malta,0,$2.15
2016,Malta,0,$2.15
2017,Malta,0,$2.15
2018,Malta,0,$2.15
2019,Malta,0.01,$2.15
2020,Malta,0,$2.15
1987,Mauritania,0.3,$2.15
1993,Mauritania,0.2,$2.15
1995,Mauritania,0.09,$2.15
2000,Mauritania,0.08,$2.15
2004,Mauritania,0.06,$2.15
2008,Mauritania,0.04,$2.15
2014,Mauritania,0.02,$2.15
2006,Mauritius,0,$2.15
2012,Mauritius,0,$2.15
2017,Mauritius,0,$2.15
1984,Mexico,0.03,$2.15
1989,Mexico,0.04,$2.15
1992,Mexico,0.03,$2.15
1994,Mexico,0.03,$2.15
1996,Mexico,0.11,$2.15
1998,Mexico,0.06,$2.15
2000,Mexico,0.04,$2.15
2002,Mexico,0.03,$2.15
2004,Mexico,0.03,$2.15
2005,Mexico,0.03,$2.15
2006,Mexico,0.02,$2.15
2008,Mexico,0.02,$2.15
2010,Mexico,0.02,$2.15
2012,Mexico,0.02,$2.15
2014,Mexico,0.01,$2.15
2016,Mexico,0.01,$2.15
2018,Mexico,0.01,$2.15
2020,Mexico,0.01,$2.15
2000,"Micronesia, Fed. Sts.",0.49,$2.15
2005,"Micronesia, Fed. Sts.",0.02,$2.15
2013,"Micronesia, Fed. Sts.",0.09,$2.15
1995,Mongolia,0.04,$2.15
1998,Mongolia,0.12,$2.15
2002,Mongolia,0.03,$2.15
2007,Mongolia,0,$2.15
2010,Mongolia,0,$2.15
2011,Mongolia,0,$2.15
2012,Mongolia,0,$2.15
2014,Mongolia,0,$2.15
2016,Mongolia,0,$2.15
2018,Mongolia,0,$2.15
2005,Montenegro,0,$2.15
2006,Montenegro,0,$2.15
2007,Montenegro,0,$2.15
2008,Montenegro,0,$2.15
2009,Montenegro,0,$2.15
2010,Montenegro,0,$2.15
2011,Montenegro,0,$2.15
2012,Montenegro,0.01,$2.15
2012,Montenegro,0.03,$2.15
2013,Montenegro,0,$2.15
2013,Montenegro,0.01,$2.15
2014,Montenegro,0,$2.15
2014,Montenegro,0,$2.15
2015,Montenegro,0,$2.15
2016,Montenegro,0.01,$2.15
2017,Montenegro,0.01,$2.15
2018,Montenegro,0.02,$2.15
1984,Morocco,0.04,$2.15
1990,Morocco,0.01,$2.15
1998,Morocco,0.02,$2.15
2000,Morocco,0.02,$2.15
2006,Morocco,0.01,$2.15
2013,Morocco,0,$2.15
1996,Mozambique,0.91,$2.15
2002,Mozambique,0.68,$2.15
2008,Mozambique,0.53,$2.15
2014,Mozambique,0.46,$2.15
2015,Myanmar,0.02,$2.15
2017,Myanmar,0,$2.15
1993,Namibia,0.49,$2.15
2003,Namibia,0.17,$2.15
2009,Namibia,0.11,$2.15
2015,Namibia,0.08,$2.15
1984,Nepal,0.33,$2.15
1995,Nepal,0.23,$2.15
2003,Nepal,0.15,$2.15
2010,Nepal,0.02,$2.15
1983,Netherlands,0,$2.15
1987,Netherlands,0,$2.15
1990,Netherlands,0,$2.15
1993,Netherlands,0.01,$2.15
1999,Netherlands,0,$2.15
2004,Netherlands,0,$2.15
2005,Netherlands,0,$2.15
2006,Netherlands,0,$2.15
2007,Netherlands,0,$2.15
2008,Netherlands,0,$2.15
2009,Netherlands,0,$2.15
2010,Netherlands,0,$2.15
2011,Netherlands,0,$2.15
2012,Netherlands,0,$2.15
2013,Netherlands,0,$2.15
2014,Netherlands,0,$2.15
2015,Netherlands,0,$2.15
2016,Netherlands,0,$2.15
2017,Netherlands,0,$2.15
2018,Netherlands,0,$2.15
2019,Netherlands,0,$2.15
2020,Netherlands,0,$2.15
1993,Nicaragua,0.1,$2.15
1993,Nicaragua,0.3,$2.15
1998,Nicaragua,0.06,$2.15
1998,Nicaragua,0.18,$2.15
2001,Nicaragua,0.07,$2.15
2001,Nicaragua,0.09,$2.15
2005,Nicaragua,0.05,$2.15
2005,Nicaragua,0.03,$2.15
2009,Nicaragua,0.03,$2.15
2014,Nicaragua,0.01,$2.15
1992,Niger,0.63,$2.15
1994,Niger,0.83,$2.15
2005,Niger,0.66,$2.15
2007,Niger,0.51,$2.15
2011,Niger,0.25,$2.15
2014,Niger,0.25,$2.15
2018,Niger,0.21,$2.15
1985,Nigeria,0.27,$2.15
1992,Nigeria,0.41,$2.15
1996,Nigeria,0.46,$2.15
2003,Nigeria,0.28,$2.15
2010,Nigeria,0.14,$2.15
2012,Nigeria,0.13,$2.15
2015,Nigeria,0.12,$2.15
2018,Nigeria,0.12,$2.15
1998,North Macedonia,0,$2.15
2000,North Macedonia,0.01,$2.15
2002,North Macedonia,0,$2.15
2003,North Macedonia,0,$2.15
2004,North Macedonia,0,$2.15
2005,North Macedonia,0.01,$2.15
2006,North Macedonia,0.01,$2.15
2008,North Macedonia,0,$2.15
2009,North Macedonia,0.07,$2.15
2010,North Macedonia,0.05,$2.15
2011,North Macedonia,0.06,$2.15
2012,North Macedonia,0.04,$2.15
2013,North Macedonia,0.03,$2.15
2014,North Macedonia,0.03,$2.15
2015,North Macedonia,0.03,$2.15
2016,North Macedonia,0.03,$2.15
2017,North Macedonia,0.03,$2.15
2018,North Macedonia,0.02,$2.15
2019,North Macedonia,0.02,$2.15
1979,Norway,0,$2.15
1986,Norway,0,$2.15
1991,Norway,0.01,$2.15
1995,Norway,0.01,$2.15
2000,Norway,0,$2.15
2003,Norway,0,$2.15
2004,Norway,0.01,$2.15
2005,Norway,0,$2.15
2006,Norway,0,$2.15
2007,Norway,0,$2.15
2008,Norway,0,$2.15
2009,Norway,0,$2.15
2010,Norway,0,$2.15
2011,Norway,0,$2.15
2012,Norway,0,$2.15
2013,Norway,0,$2.15
2014,Norway,0,$2.15
2015,Norway,0,$2.15
2016,Norway,0,$2.15
2017,Norway,0.01,$2.15
2018,Norway,0.01,$2.15
2019,Norway,0,$2.15
1987,Pakistan,0.33,$2.15
1990,Pakistan,0.32,$2.15
1996,Pakistan,0.05,$2.15
1998,Pakistan,0.08,$2.15
2001,Pakistan,0.08,$2.15
2004,Pakistan,0.05,$2.15
2005,Pakistan,0.04,$2.15
2007,Pakistan,0.03,$2.15
2010,Pakistan,0.02,$2.15
2011,Pakistan,0.01,$2.15
2013,Pakistan,0.01,$2.15
2015,Pakistan,0.01,$2.15
2018,Pakistan,0.01,$2.15
1979,Panama,0.01,$2.15
1989,Panama,0.13,$2.15
1991,Panama,0.13,$2.15
1995,Panama,0.08,$2.15
1997,Panama,0.09,$2.15
1998,Panama,0.08,$2.15
1999,Panama,0.06,$2.15
2000,Panama,0.07,$2.15
2001,Panama,0.1,$2.15
2002,Panama,0.05,$2.15
2003,Panama,0.05,$2.15
2004,Panama,0.04,$2.15
2005,Panama,0.04,$2.15
2006,Panama,0.06,$2.15
2007,Panama,0.03,$2.15
2008,Panama,0.01,$2.15
2009,Panama,0.01,$2.15
2010,Panama,0.01,$2.15
2011,Panama,0.01,$2.15
2012,Panama,0.01,$2.15
2013,Panama,0.01,$2.15
2014,Panama,0.01,$2.15
2015,Panama,0,$2.15
2016,Panama,0,$2.15
2017,Panama,0.01,$2.15
2018,Panama,0,$2.15
2019,Panama,0,$2.15
2021,Panama,0,$2.15
1996,Papua New Guinea,0.34,$2.15
2009,Papua New Guinea,0.23,$2.15
1990,Paraguay,0,$2.15
1995,Paraguay,0.07,$2.15
1997,Paraguay,0.07,$2.15
1999,Paraguay,0.06,$2.15
2001,Paraguay,0.05,$2.15
2002,Paraguay,0.07,$2.15
2003,Paraguay,0.04,$2.15
2004,Paraguay,0.02,$2.15
2005,Paraguay,0.03,$2.15
2006,Paraguay,0.03,$2.15
2007,Paraguay,0.03,$2.15
2008,Paraguay,0.02,$2.15
2009,Paraguay,0.02,$2.15
2010,Paraguay,0.02,$2.15
2011,Paraguay,0.02,$2.15
2012,Paraguay,0.01,$2.15
2013,Paraguay,0.01,$2.15
2014,Paraguay,0.01,$2.15
2015,Paraguay,0.01,$2.15
2016,Paraguay,0,$2.15
2017,Paraguay,0,$2.15
2018,Paraguay,0,$2.15
2019,Paraguay,0,$2.15
2020,Paraguay,0,$2.15
2021,Paraguay,0,$2.15
1985,Peru,0.01,$2.15
1994,Peru,0.07,$2.15
1997,Peru,0.13,$2.15
1998,Peru,0.12,$2.15
1999,Peru,0.13,$2.15
2000,Peru,0.11,$2.15
2001,Peru,0.12,$2.15
2002,Peru,0.1,$2.15
2003,Peru,0.07,$2.15
2004,Peru,0.08,$2.15
2005,Peru,0.1,$2.15
2006,Peru,0.08,$2.15
2007,Peru,0.07,$2.15
2008,Peru,0.05,$2.15
2009,Peru,0.04,$2.15
2010,Peru,0.03,$2.15
2011,Peru,0.03,$2.15
2012,Peru,0.02,$2.15
2013,Peru,0.02,$2.15
2014,Peru,0.02,$2.15
2015,Peru,0.02,$2.15
2016,Peru,0.02,$2.15
2017,Peru,0.02,$2.15
2018,Peru,0.01,$2.15
2019,Peru,0.01,$2.15
2020,Peru,0.03,$2.15
2021,Peru,0.01,$2.15
1985,Philippines,0.1,$2.15
1988,Philippines,0.08,$2.15
1991,Philippines,0.09,$2.15
1994,Philippines,0.08,$2.15
1997,Philippines,0.05,$2.15
2000,Philippines,0.04,$2.15
2000,Philippines,0.04,$2.15
2003,Philippines,0.04,$2.15
2003,Philippines,0.04,$2.15
2006,Philippines,0.04,$2.15
2006,Philippines,0.04,$2.15
2009,Philippines,0.03,$2.15
2009,Philippines,0.03,$2.15
2012,Philippines,0.03,$2.15
2012,Philippines,0.03,$2.15
2015,Philippines,0.02,$2.15
2015,Philippines,0.02,$2.15
2018,Philippines,0.01,$2.15
2018,Philippines,0.01,$2.15
2021,Philippines,0.02,$2.15
2021,Philippines,0.01,$2.15
1985,Poland,0,$2.15
1986,Poland,0,$2.15
1987,Poland,0,$2.15
1989,Poland,0,$2.15
1992,Poland,0,$2.15
1993,Poland,0,$2.15
1995,Poland,0.01,$2.15
1996,Poland,0.01,$2.15
1998,Poland,0,$2.15
1999,Poland,0.01,$2.15
1999,Poland,0,$2.15
2000,Poland,0,$2.15
2001,Poland,0,$2.15
2002,Poland,0,$2.15
2003,Poland,0,$2.15
2004,Poland,0,$2.15
2004,Poland,0.01,$2.15
2005,Poland,0,$2.15
2005,Poland,0.01,$2.15
2006,Poland,0,$2.15
2006,Poland,0,$2.15
2007,Poland,0,$2.15
2007,Poland,0,$2.15
2008,Poland,0,$2.15
2008,Poland,0,$2.15
2009,Poland,0,$2.15
2009,Poland,0,$2.15
2010,Poland,0,$2.15
2010,Poland,0,$2.15
2011,Poland,0,$2.15
2011,Poland,0,$2.15
2012,Poland,0,$2.15
2012,Poland,0,$2.15
2013,Poland,0,$2.15
2013,Poland,0,$2.15
2014,Poland,0,$2.15
2014,Poland,0,$2.15
2015,Poland,0,$2.15
2015,Poland,0,$2.15
2016,Poland,0,$2.15
2016,Poland,0,$2.15
2017,Poland,0,$2.15
2017,Poland,0,$2.15
2018,Poland,0,$2.15
2018,Poland,0,$2.15
2019,Poland,0,$2.15
2019,Poland,0,$2.15
2003,Portugal,0.01,$2.15
2004,Portugal,0,$2.15
2005,Portugal,0,$2.15
2006,Portugal,0,$2.15
2007,Portugal,0,$2.15
2008,Portugal,0,$2.15
2009,Portugal,0,$2.15
2010,Portugal,0,$2.15
2011,Portugal,0,$2.15
2012,Portugal,0.01,$2.15
2013,Portugal,0.01,$2.15
2014,Portugal,0,$2.15
2015,Portugal,0,$2.15
2016,Portugal,0,$2.15
2017,Portugal,0,$2.15
2018,Portugal,0,$2.15
2019,Portugal,0,$2.15
2020,Portugal,0,$2.15
1989,Romania,0,$2.15
1992,Romania,0,$2.15
1994,Romania,0.03,$2.15
1995,Romania,0.01,$2.15
1997,Romania,0.01,$2.15
1998,Romania,0,$2.15
1999,Romania,0.01,$2.15
2000,Romania,0.02,$2.15
2001,Romania,0.01,$2.15
2002,Romania,0.01,$2.15
2003,Romania,0.01,$2.15
2004,Romania,0,$2.15
2005,Romania,0,$2.15
2006,Romania,0,$2.15
2006,Romania,0.04,$2.15
2007,Romania,0,$2.15
2007,Romania,0.03,$2.15
2008,Romania,0,$2.15
2008,Romania,0.02,$2.15
2009,Romania,0,$2.15
2009,Romania,0.01,$2.15
2010,Romania,0,$2.15
2010,Romania,0.02,$2.15
2011,Romania,0,$2.15
2011,Romania,0.03,$2.15
2012,Romania,0,$2.15
2012,Romania,0.04,$2.15
2013,Romania,0,$2.15
2013,Romania,0.04,$2.15
2014,Romania,0.04,$2.15
2015,Romania,0.03,$2.15
2016,Romania,0,$2.15
2016,Romania,0.02,$2.15
2017,Romania,0.02,$2.15
2018,Romania,0,$2.15
2018,Romania,0.01,$2.15
2019,Romania,0.01,$2.15
2020,Romania,0.01,$2.15
1993,Russian Federation,0.01,$2.15
1996,Russian Federation,0.01,$2.15
1997,Russian Federation,0,$2.15
1998,Russian Federation,0.01,$2.15
1999,Russian Federation,0.01,$2.15
2000,Russian Federation,0.01,$2.15
2001,Russian Federation,0.01,$2.15
2002,Russian Federation,0,$2.15
2003,Russian Federation,0,$2.15
2004,Russian Federation,0,$2.15
2005,Russian Federation,0,$2.15
2006,Russian Federation,0,$2.15
2007,Russian Federation,0,$2.15
2008,Russian Federation,0,$2.15
2009,Russian Federation,0,$2.15
2010,Russian Federation,0,$2.15
2011,Russian Federation,0,$2.15
2012,Russian Federation,0,$2.15
2013,Russian Federation,0,$2.15
2014,Russian Federation,0,$2.15
2014,Russian Federation,0,$2.15
2015,Russian Federation,0,$2.15
2015,Russian Federation,0,$2.15
2016,Russian Federation,0,$2.15
2016,Russian Federation,0,$2.15
2017,Russian Federation,0,$2.15
2017,Russian Federation,0,$2.15
2018,Russian Federation,0,$2.15
2018,Russian Federation,0,$2.15
2019,Russian Federation,0,$2.15
2020,Russian Federation,0,$2.15
1984,Rwanda,0.22,$2.15
2000,Rwanda,0.57,$2.15
2005,Rwanda,0.46,$2.15
2010,Rwanda,0.33,$2.15
2013,Rwanda,0.26,$2.15
2016,Rwanda,0.26,$2.15
2002,Samoa,0.01,$2.15
2008,Samoa,0,$2.15
2013,Samoa,0,$2.15
1991,Senegal,0.68,$2.15
1994,Senegal,0.33,$2.15
2001,Senegal,0.25,$2.15
2005,Senegal,0.2,$2.15
2011,Senegal,0.21,$2.15
2018,Senegal,0.02,$2.15
2002,Serbia,0,$2.15
2003,Serbia,0,$2.15
2004,Serbia,0,$2.15
2005,Serbia,0,$2.15
2006,Serbia,0,$2.15
2007,Serbia,0,$2.15
2008,Serbia,0,$2.15
2009,Serbia,0,$2.15
2010,Serbia,0,$2.15
2012,Serbia,0.02,$2.15
2013,Serbia,0,$2.15
2013,Serbia,0.03,$2.15
2014,Serbia,0.05,$2.15
2015,Serbia,0,$2.15
2015,Serbia,0.05,$2.15
2016,Serbia,0.04,$2.15
2017,Serbia,0.02,$2.15
2018,Serbia,0,$2.15
2018,Serbia,0.02,$2.15
2019,Serbia,0,$2.15
2019,Serbia,0.01,$2.15
2020,Serbia,0.01,$2.15
1999,Seychelles,0,$2.15
2006,Seychelles,0,$2.15
2013,Seychelles,0.01,$2.15
2018,Seychelles,0,$2.15
1989,Sierra Leone,-,$2.15
2003,Sierra Leone,0.34,$2.15
2011,Sierra Leone,0.14,$2.15
2018,Sierra Leone,0.07,$2.15
1987,Slovenia,0,$2.15
1993,Slovenia,0,$2.15
1997,Slovenia,0,$2.15
1998,Slovenia,0,$2.15
1999,Slovenia,0,$2.15
2002,Slovenia,0,$2.15
2003,Slovenia,0,$2.15
2004,Slovenia,0,$2.15
2005,Slovenia,0,$2.15
2006,Slovenia,0,$2.15
2007,Slovenia,0,$2.15
2008,Slovenia,0,$2.15
2009,Slovenia,0,$2.15
2010,Slovenia,0,$2.15
2011,Slovenia,0,$2.15
2012,Slovenia,0,$2.15
2013,Slovenia,0,$2.15
2014,Slovenia,0,$2.15
2015,Slovenia,0,$2.15
2016,Slovenia,0,$2.15
2017,Slovenia,0,$2.15
2018,Slovenia,0,$2.15
2019,Slovenia,0,$2.15
2020,Slovenia,0,$2.15
2005,Solomon Islands,0.3,$2.15
2012,Solomon Islands,0.1,$2.15
1993,South Africa,0.17,$2.15
2000,South Africa,0.21,$2.15
2005,South Africa,0.13,$2.15
2008,South Africa,0.07,$2.15
2010,South Africa,0.08,$2.15
2014,South Africa,0.1,$2.15
2009,South Sudan,0.24,$2.15
2009,South Sudan,0.24,$2.15
2016,South Sudan,0.53,$2.15
2016,South Sudan,0.53,$2.15
1980,Spain,0,$2.15
1985,Spain,0,$2.15
1990,Spain,0.01,$2.15
1995,Spain,0.01,$2.15
2000,Spain,0,$2.15
2003,Spain,0,$2.15
2004,Spain,0.01,$2.15
2005,Spain,0.01,$2.15
2006,Spain,0.01,$2.15
2007,Spain,0,$2.15
2008,Spain,0,$2.15
2009,Spain,0.01,$2.15
2010,Spain,0,$2.15
2011,Spain,0.01,$2.15
2012,Spain,0.01,$2.15
2013,Spain,0.01,$2.15
2014,Spain,0,$2.15
2015,Spain,0.01,$2.15
2016,Spain,0.01,$2.15
2017,Spain,0,$2.15
2018,Spain,0.01,$2.15
2019,Spain,0.01,$2.15
2020,Spain,0.01,$2.15
1985,Sri Lanka,0.04,$2.15
1990,Sri Lanka,0.03,$2.15
1995,Sri Lanka,0.03,$2.15
2002,Sri Lanka,0.02,$2.15
2006,Sri Lanka,0.01,$2.15
2009,Sri Lanka,0.01,$2.15
2012,Sri Lanka,0,$2.15
2016,Sri Lanka,0,$2.15
2019,Sri Lanka,0,$2.15
1999,Suriname,0.06,$2.15
1975,Sweden,0.01,$2.15
1981,Sweden,0,$2.15
1987,Sweden,0,$2.15
1992,Sweden,0,$2.15
1995,Sweden,0,$2.15
2000,Sweden,0,$2.15
2003,Sweden,0,$2.15
2004,Sweden,0,$2.15
2005,Sweden,0.01,$2.15
2006,Sweden,0,$2.15
2007,Sweden,0,$2.15
2008,Sweden,0.01,$2.15
2009,Sweden,0.01,$2.15
2010,Sweden,0,$2.15
2011,Sweden,0,$2.15
2012,Sweden,0,$2.15
2013,Sweden,0,$2.15
2014,Sweden,0,$2.15
2015,Sweden,0,$2.15
2016,Sweden,0,$2.15
2017,Sweden,0,$2.15
2018,Sweden,0,$2.15
2019,Sweden,0,$2.15
2020,Sweden,0,$2.15
1982,Switzerland,0.01,$2.15
1992,Switzerland,0.01,$2.15
2000,Switzerland,0,$2.15
2002,Switzerland,0,$2.15
2006,Switzerland,0,$2.15
2007,Switzerland,0,$2.15
2008,Switzerland,0,$2.15
2009,Switzerland,0,$2.15
2010,Switzerland,0,$2.15
2011,Switzerland,0,$2.15
2012,Switzerland,0,$2.15
2013,Switzerland,0,$2.15
2014,Switzerland,0,$2.15
2015,Switzerland,0,$2.15
2016,Switzerland,0,$2.15
2017,Switzerland,0,$2.15
2018,Switzerland,0,$2.15
1981,"Taiwan, China",0,$2.15
1986,"Taiwan, China",0,$2.15
1991,"Taiwan, China",0,$2.15
1995,"Taiwan, China",0.01,$2.15
1997,"Taiwan, China",0,$2.15
2000,"Taiwan, China",0,$2.15
2005,"Taiwan, China",0,$2.15
2007,"Taiwan, China",0,$2.15
2010,"Taiwan, China",0,$2.15
2013,"Taiwan, China",0,$2.15
2016,"Taiwan, China",0,$2.15
1999,Tajikistan,0.3,$2.15
2003,Tajikistan,0.14,$2.15
2004,Tajikistan,0.06,$2.15
2007,Tajikistan,0.07,$2.15
2009,Tajikistan,0.02,$2.15
2015,Tajikistan,0.02,$2.15
1981,Thailand,0.08,$2.15
1988,Thailand,0.04,$2.15
1990,Thailand,0.03,$2.15
1992,Thailand,0.02,$2.15
1994,Thailand,0.01,$2.15
1996,Thailand,0.01,$2.15
1998,Thailand,0,$2.15
1999,Thailand,0.01,$2.15
2000,Thailand,0.01,$2.15
2002,Thailand,0,$2.15
2004,Thailand,0,$2.15
2006,Thailand,0,$2.15
2007,Thailand,0,$2.15
2008,Thailand,0,$2.15
2009,Thailand,0,$2.15
2010,Thailand,0,$2.15
2011,Thailand,0,$2.15
2012,Thailand,0,$2.15
2013,Thailand,0,$2.15
2014,Thailand,0,$2.15
2015,Thailand,0,$2.15
2016,Thailand,0,$2.15
2017,Thailand,0,$2.15
2018,Thailand,0,$2.15
2019,Thailand,0,$2.15
2020,Thailand,0,$2.15
2021,Thailand,0,$2.15
2006,Togo,0.36,$2.15
2011,Togo,0.41,$2.15
2015,Togo,0.37,$2.15
2018,Togo,0.11,$2.15
2000,Tonga,0.01,$2.15
2009,Tonga,0,$2.15
2015,Tonga,0,$2.15
1988,Trinidad and Tobago,0,$2.15
1992,Trinidad and Tobago,0.01,$2.15
1985,Tunisia,0.04,$2.15
1990,Tunisia,0.03,$2.15
1995,Tunisia,0.03,$2.15
2000,Tunisia,0.01,$2.15
2005,Tunisia,0.01,$2.15
2010,Tunisia,0,$2.15
2015,Tunisia,0,$2.15
1998,Turkmenistan,0.2,$2.15
1989,Uganda,0.43,$2.15
1992,Uganda,0.41,$2.15
1996,Uganda,0.37,$2.15
1999,Uganda,0.45,$2.15
2002,Uganda,0.41,$2.15
2005,Uganda,0.32,$2.15
2009,Uganda,0.22,$2.15
2012,Uganda,0.15,$2.15
2016,Uganda,0.19,$2.15
2019,Uganda,0.19,$2.15
1992,Ukraine,0.01,$2.15
1993,Ukraine,0.01,$2.15
1995,Ukraine,0.02,$2.15
1996,Ukraine,0.03,$2.15
1999,Ukraine,0.03,$2.15
2002,Ukraine,0.01,$2.15
2003,Ukraine,0,$2.15
2004,Ukraine,0,$2.15
2005,Ukraine,0,$2.15
2006,Ukraine,0,$2.15
2007,Ukraine,0,$2.15
2008,Ukraine,0,$2.15
2009,Ukraine,0,$2.15
2010,Ukraine,0,$2.15
2011,Ukraine,0,$2.15
2012,Ukraine,0,$2.15
2013,Ukraine,0,$2.15
2014,Ukraine,0,$2.15
2015,Ukraine,0,$2.15
2016,Ukraine,0,$2.15
2017,Ukraine,0,$2.15
2018,Ukraine,0,$2.15
2019,Ukraine,0,$2.15
2020,Ukraine,0,$2.15
2013,United Arab Emirates,0,$2.15
2018,United Arab Emirates,0,$2.15
1981,Uruguay,0,$2.15
1989,Uruguay,0,$2.15
1992,Uruguay,0,$2.15
1995,Uruguay,0,$2.15
1996,Uruguay,0,$2.15
1997,Uruguay,0,$2.15
1998,Uruguay,0,$2.15
2000,Uruguay,0,$2.15
2001,Uruguay,0,$2.15
2002,Uruguay,0,$2.15
2003,Uruguay,0,$2.15
2004,Uruguay,0,$2.15
2005,Uruguay,0,$2.15
2006,Uruguay,0,$2.15
2007,Uruguay,0,$2.15
2008,Uruguay,0,$2.15
2009,Uruguay,0,$2.15
2010,Uruguay,0,$2.15
2011,Uruguay,0,$2.15
2012,Uruguay,0,$2.15
2013,Uruguay,0,$2.15
2014,Uruguay,0,$2.15
2015,Uruguay,0,$2.15
2016,Uruguay,0,$2.15
2017,Uruguay,0,$2.15
2018,Uruguay,0,$2.15
2019,Uruguay,0,$2.15
2020,Uruguay,0,$2.15
2021,Uruguay,0,$2.15
1998,Uzbekistan,0.45,$2.15
2000,Uzbekistan,0.6,$2.15
2002,Uzbekistan,0.51,$2.15
2003,Uzbekistan,0.58,$2.15
1998,"Yemen, Rep.",0.02,$2.15
2005,"Yemen, Rep.",0.02,$2.15
2014,"Yemen, Rep.",0.06,$2.15
1991,Zambia,0.93,$2.15
1993,Zambia,0.56,$2.15
1996,Zambia,0.28,$2.15
1998,Zambia,0.3,$2.15
2002,Zambia,0.31,$2.15
2004,Zambia,0.51,$2.15
2006,Zambia,0.57,$2.15
2010,Zambia,0.58,$2.15
2015,Zambia,0.58,$2.15
2011,Zimbabwe,0.07,$2.15
2017,Zimbabwe,0.12,$2.15
2019,Zimbabwe,0.19,$2.15
$2.15,,,
$2.15,,,
$3.65,,,
$6.85,,,
